wavelength_nm,reflectance
400,0.030234165462626444
401,0.03025557041047989
402,0.030291354695437075
403,0.03015893724862096
404,0.029994250472908136
405,0.030025109128879384
406,0.02998466575005193
407,0.02987336734805547
408,0.0299015333106585
409,0.029836680168440155
410,0.029810762736679035
411,0.029736941294700364
412,0.029642183438291142
413,0.029651433534252092
414,0.02954653626478103
415,0.029563840288174437
416,0.029479932234826922
417,0.029453248057552124
418,0.029514330850747887
419,0.02947117805340974
420,0.02946194947075224
421,0.029332306940333723
422,0.029226275640799118
423,0.029244996797843183
424,0.029179068055471477
425,0.029210960352859812
426,0.029170367423043846
427,0.029087036848372487
428,0.029112235756359996
429,0.029016156197322028
430,0.028974914821601055
431,0.028929312822442897
432,0.02890309679184625
433,0.028924939986525164
434,0.02888518584146524
435,0.028879649498094996
436,0.028830591582559916
437,0.02880723180053677
438,0.028847883540133838
439,0.028789017168780053
440,0.028730442972916825
441,0.02872528069705569
442,0.028705307461408945
443,0.028711553095393406
444,0.028679014166964906
445,0.028583839086625037
446,0.02851203587311597
447,0.028491347249387334
448,0.028560906388257656
449,0.028503711372309695
450,0.028491847731022583
451,0.028429462495032323
452,0.028377195630315967
453,0.02840532988393726
454,0.028382054986737938
455,0.028384902138083958
456,0.028360715138001865
457,0.028282747864152212
458,0.028281375715339504
459,0.028245647525950175
460,0.028205654731566897
461,0.028203905007714813
462,0.028125020242195656
463,0.028179818067410684
464,0.028102933238934747
465,0.028069139250800065
466,0.028045908631839516
467,0.027997851125092375
468,0.02799920870282969
469,0.028019844997120853
470,0.028032105208827283
471,0.027951566261312746
472,0.02785340558434927
473,0.027933729409182564
474,0.027926967036639806
475,0.02790846518094655
476,0.027892267186353046
477,0.027837468529074216
478,0.027838927112449542
479,0.027802418778187392
480,0.027775833961385395
481,0.027760851882053038
482,0.02771223723640316
483,0.02772654018052046
484,0.027678905586642245
485,0.027675790895959826
486,0.02766016604872057
487,0.027583712059380455
488,0.0276189883448996
489,0.027581511686876694
490,0.02756478501379023
491,0.027542254777084534
492,0.027490684664229135
493,0.027500466360656062
494,0.027493760220826346
495,0.027463517884571974
496,0.0274718890582043
497,0.027444487300323395
498,0.02751448614640708
499,0.027461739502565283
500,0.027383590328002708
501,0.02743080463020379
502,0.027376616017549853
503,0.027435381802012302
504,0.02741622959520392
505,0.0273740986585996
506,0.027340828165169542
507,0.027309382240640147
508,0.027345792700619712
509,0.02730416158072187
510,0.027319974400630866
511,0.027301335962802785
512,0.027228717658252126
513,0.02724490341468482
514,0.027225409748099918
515,0.027214678056627674
516,0.027201891958225605
517,0.027185811879303762
518,0.027162549121298705
519,0.027119633021925105
520,0.02712389489298274
521,0.027106781401643215
522,0.027067658666786662
523,0.027084808965847
524,0.027078037285539966
525,0.027061700007066432
526,0.027045214530659056
527,0.027035685081095665
528,0.027063880667027453
529,0.027049314651741974
530,0.02701257771236123
531,0.02699793923204888
532,0.026973510850250775
533,0.026995087835122496
534,0.026937609972053054
535,0.026914099230022873
536,0.026930656920447254
537,0.026928716098050046
538,0.02694987307168948
539,0.026885211694749295
540,0.026890620081621144
541,0.026888175675214114
542,0.026859231480849073
543,0.026900410227519052
544,0.02684609133839751
545,0.026862265425984078
546,0.026855194771282388
547,0.02684891137267368
548,0.02687293860787526
549,0.026841755344548957
550,0.02683204463185686
551,0.02684454445725015
552,0.026858735396042128
553,0.02682427625019312
554,0.026818899278842116
555,0.02681281259669472
556,0.026817716296398716
557,0.026811684176798075
558,0.02679100991562535
559,0.026796999636392052
560,0.026805726549961207
561,0.02682177814343784
562,0.026794349533496523
563,0.026848919631956403
564,0.02680862745302343
565,0.026824563356570068
566,0.026815965243339446
567,0.026792915374108845
568,0.026836031101313985
569,0.026803899518218554
570,0.026805456839341543
571,0.026837351534757015
572,0.02680652765676021
573,0.026810199750447558
574,0.026774537230335127
575,0.02678443322715383
576,0.026837510720802194
577,0.026792405403973953
578,0.026811399718732053
579,0.026792879843744545
580,0.026817167650767956
581,0.02681964982990199
582,0.026797729330074068
583,0.026819448298434946
584,0.026766483874185513
585,0.026793452381611297
586,0.026816429951783884
587,0.0267852267150176
588,0.02678264937670597
589,0.026784887461906395
590,0.026791818760296224
591,0.026782427655037813
592,0.026750168796312455
593,0.02680992554086778
594,0.02678699593244597
595,0.026761306424350303
596,0.026812467980725025
597,0.026750703235186572
598,0.026799122262673645
599,0.026814150107971398
600,0.026724668898683218
601,0.026740288156260724
602,0.026727579906906575
603,0.026768157995244745
604,0.026769866163505674
605,0.026735837078799323
606,0.026784650163556436
607,0.02674115953438708
608,0.026767387596020452
609,0.026819922644325356
610,0.02677348857058118
611,0.026786324099894575
612,0.026724337361070827
613,0.02675746055458342
614,0.02678297685279305
615,0.02673080010658913
616,0.026751337827995207
617,0.026728239181478167
618,0.02672616974112964
619,0.026734751858982407
620,0.026694443401081257
621,0.02670895146411054
622,0.026696296001674332
623,0.026648453484174422
624,0.026671127506180375
625,0.026664063057133335
626,0.02668153227335826
627,0.026671322389930998
628,0.02666038347395747
629,0.026649632894364787
630,0.02659009202279098
631,0.0266106324877391
632,0.026664570149673866
633,0.026587569538239295
634,0.02660549255219487
635,0.0265973775449372
636,0.02658523660789921
637,0.026635932182905497
638,0.0265594483197607
639,0.02659862497940995
640,0.02657256011594568
641,0.026512824088657645
642,0.026578390445093542
643,0.026529133543994825
644,0.026551657860207384
645,0.02659024168278539
646,0.02653334918424429
647,0.026531771522349343
648,0.026502946628180295
649,0.026500913772490215
650,0.026545887648644205
651,0.026483566162683967
652,0.02653134934327022
653,0.026494523346835726
654,0.026374066370554
655,0.026426604452867878
656,0.02642121852585088
657,0.0264125838144623
658,0.026436852732635668
659,0.02640816902559446
660,0.02643038632125691
661,0.026348168731317005
662,0.02640013339932749
663,0.026446570489164694
664,0.0263613215180309
665,0.026385915058359896
666,0.026359001293626238
667,0.026369024164598364
668,0.02639079028421266
669,0.026370000176898757
670,0.02637855777502889
671,0.02635493379775703
672,0.02637499272669751
673,0.02637458426404685
674,0.02634056972780889
675,0.026362706371194422
676,0.02633926697199659
677,0.026337390690496038
678,0.026362347573208166
679,0.026312256649158816
680,0.026379204001378127
681,0.02634827083158657
682,0.026326479549342176
683,0.02637862127758884
684,0.026353893430360244
685,0.026357293818150374
686,0.026334897501587785
687,0.026360358292062052
688,0.026446064128223985
689,0.026395868310306245
690,0.026395823270269243
691,0.0263990032620776
692,0.026404942559328657
693,0.026424616050499415
694,0.026369459644031423
695,0.02642066238479268
696,0.02639749187665303
697,0.026367966904613387
698,0.026391676900629518
699,0.026375055292733676
700,0.026441725871552354
701,0.026400088797481656
702,0.02640219447187847
703,0.026420750890539007
704,0.026395649806431505
705,0.026396721251214023
706,0.026396636359680266
707,0.02637267957750437
708,0.026420459054366317
709,0.02644196033769033
710,0.02638793006037325
711,0.026359754299372536
712,0.026360692921790732
713,0.026412239011157204
714,0.02639384346559829
715,0.02638136005275775
716,0.026405937432524246
717,0.026368419033444255
718,0.026382148951927007
719,0.026440095240199326
720,0.02638880966577094
721,0.026406524433994216
722,0.02637806442988117
723,0.02640656028734278
724,0.02642712264314644
725,0.026395109253763198
726,0.026381136489326305
727,0.026392359672891413
728,0.026411068653623093
729,0.026440037763757526
730,0.026403106516224264
731,0.026401802035747445
732,0.02636124665225797
733,0.026366453766966214
734,0.02645133097648962
735,0.02637949262616154
736,0.026425013121139592
737,0.026359814140335277
738,0.026396261123790284
739,0.026418733019842808
740,0.026399176220118954
741,0.026433003962499375
742,0.026409043248278974
743,0.026393966789951415
744,0.026427792543033672
745,0.026376388812938512
746,0.026424201772654924
747,0.02642668701851387
748,0.026498564236432876
749,0.026515535016807083
750,0.026450052740275475
751,0.026497723510412963
752,0.02644325217327185
753,0.026469386753268917
754,0.026482580901709754
755,0.026453597506486563
756,0.02649956910849835
757,0.026436515559700717
758,0.026435432500863373
759,0.026453476144127536
760,0.02641131785594837
761,0.026429827438178434
762,0.02641090872165516
763,0.0264046302319807
764,0.026464374846724554
765,0.026414682509056136
766,0.026449074060809454
767,0.026401358420055556
768,0.026421375355171348
769,0.0264539964442121
770,0.026426593999247384
771,0.026457003818435795
772,0.026400972967247804
773,0.02639599098792673
774,0.0264385371478911
775,0.026402211595590683
776,0.026424901808725226
777,0.026384203780392756
778,0.02640816793343036
779,0.026397190037125436
780,0.026385027232388194
781,0.02639358607986515
782,0.026399927719296588
783,0.02638211441675347
784,0.026401021839134335
785,0.026378480274215143
786,0.026389529578795697
787,0.026381956361916502
788,0.026374269711564778
789,0.026404469020814905
790,0.026361908115191183
791,0.026391198414665563
792,0.026352577754047642
793,0.026345534687521186
794,0.026421014970253242
795,0.02637801404358397
796,0.026387380008144
797,0.026354719836806012
798,0.026396566125219813
799,0.026492499362723305
800,0.0265958962295734
801,0.026564699865301442
802,0.02656118464576863
803,0.026535655329666546
804,0.026540105525741417
805,0.026529150365381116
806,0.02650160714814339
807,0.026516186244520477
808,0.026513170809829432
809,0.02649579754389041
810,0.02649250763462905
811,0.02648597485412273
812,0.026467437477878556
813,0.02645863359242
814,0.026452961862746597
815,0.026451677239140853
816,0.026427449334312045
817,0.026443368970987844
818,0.0264336785437779
819,0.02640982888813136
820,0.026394914388006424
821,0.026387530453253313
822,0.026383429036005254
823,0.02636207871866085
824,0.02635232201852495
825,0.02635222858843474
826,0.026348201529949877
827,0.026317135564152844
828,0.02629953061813755
829,0.026300143584869835
830,0.026295421102083286
831,0.02628733821795188
832,0.026291994208270643
833,0.026298800290078844
834,0.026301721968351996
835,0.026297002911840228
836,0.02626892991132061
837,0.026265003554234723
838,0.026244954424722886
839,0.026237343554527653
840,0.026224523998839934
841,0.02625998547339306
842,0.026287217606265553
843,0.026291653511304303
844,0.026286993800155107
845,0.026272960816431722
846,0.02625946333117898
847,0.026232800141343618
848,0.026245660956734005
849,0.026241877492995225
850,0.026225842903287513
851,0.02623914450543012
852,0.026233883267625803
853,0.02620120074402013
854,0.026191968164244624
855,0.026190980356335186
856,0.026163481237768498
857,0.02616290740513743
858,0.026140299319247697
859,0.026162894115683885
860,0.026004206164541414
861,0.025425189552302403
862,0.02519212872351781
863,0.025424851524710888
864,0.02532341834409351
865,0.02541871517666222
866,0.02523822548210842
867,0.02547528663709354
868,0.025413158587170654
869,0.02554515869701592
870,0.025326153003452846
871,0.025460561201017466
872,0.025339863307278075
873,0.02558666252060787
874,0.025335569056874837
875,0.025482542687435036
876,0.025459291906295152
877,0.025529944818884258
878,0.025346661652761254
879,0.025469714199985553
880,0.025366397047534787
881,0.02557731617586439
882,0.025444283279019153
883,0.025367835623144548
884,0.02525273311016485
885,0.025472933624051383
886,0.025401968777977776
887,0.025562527586170426
888,0.025398246514952552
889,0.02557426195789684
890,0.025529069924079217
891,0.025537561149173695
892,0.025447771285577556
893,0.025496332653935264
894,0.02544083370645442
895,0.025539793537915044
896,0.02546219718547513
897,0.025520913554320936
898,0.025316297603032188
899,0.02538197904035173
900,0.025381212637809094
901,0.025435953968166756
902,0.02537434477543452
903,0.02544738264288006
904,0.025439739017529387
905,0.02540388705498198
906,0.025425745830571736
907,0.025472494604236583
908,0.02538760955134381
909,0.025396118255830425
910,0.025287782864212564
911,0.025381128835281208
912,0.025365700228377027
913,0.02531734297099481
914,0.025294306952216468
915,0.025288835492609164
916,0.02521442639503548
917,0.025237251720011282
918,0.025267382090895858
919,0.02526748348913769
920,0.025222116746183403
921,0.025196074255432546
922,0.025208782946237858
923,0.025196795665284353
924,0.025162838208665553
925,0.02520346300767072
926,0.025135115712859764
927,0.02507648752414679
928,0.025081902379574767
929,0.02510771237124
930,0.025074714817801123
931,0.025041205018758703
932,0.02509830841524475
933,0.025067782390866798
934,0.0249959344019176
935,0.024987184425323907
936,0.025070804553682224
937,0.025048404051564305
938,0.024962542991246475
939,0.024969669717171336
940,0.024959880998645455
941,0.025033561814321155
942,0.025192437794961615
943,0.025186305458547574
944,0.02516977369423231
945,0.025123979671880108
946,0.025155142393311666
947,0.025159612506951305
948,0.02515377256684398
949,0.025098688932148217
950,0.025106173972038532
951,0.02508257365298632
952,0.025087732268110636
953,0.02504492357214111
954,0.025087775351297532
955,0.025072423687114927
956,0.025122435920972908
957,0.025119522287754558
958,0.025134278972665024
959,0.02509454103300728
960,0.02506590030017487
961,0.025073989081977024
962,0.025121171822463175
963,0.02509538460882313
964,0.02512202489126969
965,0.025111795784885062
966,0.025118648737803687
967,0.025128177657205215
968,0.02514423660922572
969,0.0251356881345889
970,0.025176931924293548
971,0.025160621010227764
972,0.025180875222989802
973,0.02519189748315331
974,0.025222829745963776
975,0.025188255964727548
976,0.025224134837600817
977,0.025218556061929392
978,0.025253962676018808
979,0.02525315031407821
980,0.02528195121713415
981,0.025287423447374002
982,0.02533285292855185
983,0.025325153796470396
984,0.025361449496458424
985,0.025380325327213644
986,0.025401791343219248
987,0.02541141708670898
988,0.025454915343836263
989,0.025457689042250913
990,0.025488319149790915
991,0.02550637968925617
992,0.025527025249934235
993,0.02553776592619669
994,0.025571636967365766
995,0.025586644181533957
996,0.025609073584648805
997,0.025624229322639334
998,0.02564774782658512
999,0.025667715105323792
1000,0.025688486764025385
1001,0.02553032702531927
1002,0.0253719181352483
1003,0.02538719113948285
1004,0.025401180861282062
1005,0.02558801327163758
1006,0.025776160430131097
1007,0.025791176108097377
1008,0.02580240272951907
1009,0.025811754995060197
1010,0.025820096752586088
1011,0.02582979330470474
1012,0.02584394147871449
1013,0.025858802750388783
1014,0.025872258032103405
1015,0.02588426529538091
1016,0.025891696934912393
1017,0.025900051985431844
1018,0.025908446612849193
1019,0.02592086270071771
1020,0.025932295439329324
1021,0.02594053731580966
1022,0.02594307503281135
1023,0.025943384898394338
1024,0.025946900838984394
1025,0.02595600015505484
1026,0.025967148605016862
1027,0.0259769719043621
1028,0.025984068018741983
1029,0.02598974349182897
1030,0.02599611714969377
1031,0.026005204131377472
1032,0.026017432820986668
1033,0.026030640131514907
1034,0.026041585819716866
1035,0.026051274242144762
1036,0.026059247698660283
1037,0.02606465428460081
1038,0.026068893140023905
1039,0.026073682736999008
1040,0.02608008509951428
1041,0.026087611390424828
1042,0.026095246241228432
1043,0.026101788295921455
1044,0.026107349197756473
1045,0.02611232311908914
1046,0.02611611631594739
1047,0.026119477326795447
1048,0.026122860211174923
1049,0.026126641421597156
1050,0.026130923405040248
1051,0.026134098225267306
1052,0.02613649814238107
1053,0.02613962225220555
1054,0.02614268167522391
1055,0.026145331286546346
1056,0.026148354603334412
1057,0.02615164587157644
1058,0.02615340137874388
1059,0.026153868743548414
1060,0.02615457125981504
1061,0.026156019981284345
1062,0.02615792201570556
1063,0.02615903612622028
1064,0.02616004124297417
1065,0.02616161439252848
1066,0.0261624677896557
1067,0.02616275574255726
1068,0.02616202536289392
1069,0.026160136309378777
1070,0.026158648707296908
1071,0.02615765129870252
1072,0.026157044082501163
1073,0.02615562218413163
1074,0.02615285756926438
1075,0.026149606546709815
1076,0.026145964296931664
1077,0.026141568952819296
1078,0.026137008712631984
1079,0.026132469834650982
1080,0.026127795647105562
1081,0.026122758012060553
1082,0.026117502985466813
1083,0.026112192766783365
1084,0.02610642066104386
1085,0.02609901044884307
1086,0.026089617742103357
1087,0.02607984105713924
1088,0.02606992178508645
1089,0.026059392454186342
1090,0.026048270350336016
1091,0.026036821056455526
1092,0.02602564584187938
1093,0.026013909848281093
1094,0.026001412704116447
1095,0.0259887679507119
1096,0.025975768059442874
1097,0.02596175189557936
1098,0.02594651431496241
1099,0.02592983403738767
1100,0.02591160105810636
1101,0.025892638722219027
1102,0.025872501952647467
1103,0.025851184181940632
1104,0.025829861253231758
1105,0.02580840099376458
1106,0.025787557658552642
1107,0.025767224568259563
1108,0.025746272073706295
1109,0.025724965718090905
1110,0.025702395708216873
1111,0.025677571649726772
1112,0.025651168827521494
1113,0.025623995905038496
1114,0.02559659191116194
1115,0.025568953020451507
1116,0.0255413968581968
1117,0.02551503749253588
1118,0.025489696219760632
1119,0.025464034521357894
1120,0.025437729220402133
1121,0.025411071360394246
1122,0.02538401932454648
1123,0.02535692876728982
1124,0.025330274854729395
1125,0.02530346346986874
1126,0.02527675020908871
1127,0.02524958290564834
1128,0.025221346034312545
1129,0.025193661062348438
1130,0.025167202920375744
1131,0.0251416361859563
1132,0.02511676786845195
1133,0.025092583872490474
1134,0.025069178146313546
1135,0.025045870447384516
1136,0.025022124157749324
1137,0.02499836945342277
1138,0.024974870410574886
1139,0.02495179405109423
1140,0.02492951078130331
1141,0.024908070306609915
1142,0.024887048696633215
1143,0.024866283146056142
1144,0.02484564592316512
1145,0.024825045225585995
1146,0.02480517156916438
1147,0.024786553925011053
1148,0.024769627848280767
1149,0.024754225480069888
1150,0.024739646365769526
1151,0.02472632599590921
1152,0.02471343531961556
1153,0.024700366398119133
1154,0.024687770925257355
1155,0.02467562364574679
1156,0.024664272408643155
1157,0.024653704636344025
1158,0.024643780597148304
1159,0.024634934789733966
1160,0.024626758433787345
1161,0.024618280282383907
1162,0.024609587814458364
1163,0.024601118875438702
1164,0.02459297024002306
1165,0.024585670592281027
1166,0.024579386573183665
1167,0.0245734990401273
1168,0.02456761460584319
1169,0.024561737611564015
1170,0.024556134946922492
1171,0.024551107766902946
1172,0.024546494279840424
1173,0.02454245354475702
1174,0.024539499019582207
1175,0.024536665966688194
1176,0.024533409010955378
1177,0.024529733011462943
1178,0.024525835739590517
1179,0.02452181332440677
1180,0.024517686289235195
1181,0.024513976412789188
1182,0.0245110985067518
1183,0.024508998702545637
1184,0.024507553159639886
1185,0.0245065872129815
1186,0.024505895363512567
1187,0.024505241377542182
1188,0.024504508884992688
1189,0.024503505019903442
1190,0.024502515763939692
1191,0.024502057462144348
1192,0.024502039249845915
1193,0.0245024962216945
1194,0.024503480950782277
1195,0.024504966555529265
1196,0.024506581533634685
1197,0.024508393434952147
1198,0.02451066296857997
1199,0.02451300708967574
1200,0.024516033478298022
1201,0.024520813156416604
1202,0.024526517372672783
1203,0.024531910393901322
1204,0.024537202125212827
1205,0.024542196433335495
1206,0.024547031808546713
1207,0.024552366419494848
1208,0.02455842019200198
1209,0.024565243453063854
1210,0.02457287756326991
1211,0.024581463466441487
1212,0.02459083643721024
1213,0.024600256441255068
1214,0.024609410385459128
1215,0.024618859032933448
1216,0.024628768105555022
1217,0.02463894841263572
1218,0.02464953896295801
1219,0.02466038263591189
1220,0.024671161287077813
1221,0.024682044527000853
1222,0.02469295608770918
1223,0.02470396414118589
1224,0.02471474939173546
1225,0.02472592315296373
1226,0.024738566388886774
1227,0.02475158137063698
1228,0.024763890937377873
1229,0.02477576368676231
1230,0.024787152784165444
1231,0.02479821549314025
1232,0.02480938449479097
1233,0.024820406141106966
1234,0.024831336907744556
1235,0.024842401116494946
1236,0.024853354050962423
1237,0.024863894232332904
1238,0.0248737338134616
1239,0.024882972161633155
1240,0.024892162951745463
1241,0.02490156021102169
1242,0.0249109770090254
1243,0.024920434205438106
1244,0.024929540585897515
1245,0.024938143011798565
1246,0.024946346658796997
1247,0.024953563445326503
1248,0.02496042297021872
1249,0.02496766379859645
1250,0.02497490265910682
1251,0.024981986608115157
1252,0.024988936477006785
1253,0.02499573987794006
1254,0.02500221211415987
1255,0.02500807343996644
1256,0.025013642635280785
1257,0.025018971347539897
1258,0.025023928056735322
1259,0.025029197817372638
1260,0.025034637735166884
1261,0.025039200623467383
1262,0.025043101027303036
1263,0.025046735091700616
1264,0.025049959881205883
1265,0.025053395514193923
1266,0.02505683533067868
1267,0.025059623273671793
1268,0.02506176809199674
1269,0.025063279401796413
1270,0.0250642135977203
1271,0.025064514167630367
1272,0.025064191591933075
1273,0.025063639302615334
1274,0.025063224859389846
1275,0.025062548469798687
1276,0.02506116640062843
1277,0.025059300449604603
1278,0.025056885049599718
1279,0.02505364329957235
1280,0.025049254765887697
1281,0.02504399938804559
1282,0.025038164058833006
1283,0.02503165205837176
1284,0.025024764486586373
1285,0.025017417275494346
1286,0.02500926888334917
1287,0.025000457556042698
1288,0.024991208977328414
1289,0.024981590099085727
1290,0.024971549670233413
1291,0.024960844903558925
1292,0.024949663747391097
1293,0.02493784282778401
1294,0.024925397664232286
1295,0.02491261126505218
1296,0.024898604659446495
1297,0.024882823636082248
1298,0.024866659423911613
1299,0.02485068189154046
1300,0.024834048759053744
1301,0.024816652322156112
1302,0.024798798620829725
1303,0.024780488111733907
1304,0.024761932690246926
1305,0.024743301186802052
1306,0.02472416351124059
1307,0.02470442383615714
1308,0.024684223932338708
1309,0.02466413420803367
1310,0.024644245749920007
1311,0.02462384232278993
1312,0.024602885969618182
1313,0.02458180905449651
1314,0.024560892166029826
1315,0.0245403718081211
1316,0.024520403404132605
1317,0.02450141784943386
1318,0.0244830545151666
1319,0.024464699876384468
1320,0.02444671986760305
1321,0.02442918568476674
1322,0.02441179549673905
1323,0.024395047972609794
1324,0.024379365011849587
1325,0.024364657518524367
1326,0.0243511090254072
1327,0.024338534009610883
1328,0.024326980092859617
1329,0.024144271625041673
1330,0.023962206596745052
1331,0.023953227090871623
1332,0.02394569084529493
1333,0.02393988439232578
1334,0.023936039974763266
1335,0.02393330202025915
1336,0.023930892282026345
1337,0.023928789575985397
1338,0.023927185252448926
1339,0.023926455227173227
1340,0.023926622334712357
1341,0.023927458511063867
1342,0.023929285910976154
1343,0.023932332155201616
1344,0.023936250787932493
1345,0.023940790408742228
1346,0.023945697696974105
1347,0.023951206155840454
1348,0.023957358604762658
1349,0.02396402785605814
1350,0.023971367952301193
1351,0.02397908276742835
1352,0.023986798870456214
1353,0.023994704646357685
1354,0.02400229879495428
1355,0.024009283317090957
1356,0.024015989341101062
1357,0.024022590298495832
1358,0.024029037966703776
1359,0.02403508719193874
1360,0.02404079089125023
1361,0.02404605700860759
1362,0.02405029885650026
1363,0.024053445001981217
1364,0.02405609295715715
1365,0.02405809358473875
1366,0.024058798924272887
1367,0.023886230785033463
1368,0.02371252956174482
1369,0.02370945392370194
1370,0.023705109710612102
1371,0.02369966102044723
1372,0.02369314876846925
1373,0.02368542812293388
1374,0.02367644458140241
1375,0.023666343012412615
1376,0.023654783387347857
1377,0.02364164799448647
1378,0.023626786636474634
1379,0.0236102143757448
1380,0.023591818896668917
1381,0.023399148188909064
1382,0.023204455712535245
1383,0.02318050664534065
1384,0.023155365005053434
1385,0.023128945313746742
1386,0.023101271123449188
1387,0.023071989170296778
1388,0.02304114057965751
1389,0.02283700008226322
1390,0.02263144674559529
1391,0.02259670439771202
1392,0.022560882617185946
1393,0.022523700935710034
1394,0.022485213246970802
1395,0.022273452241768472
1396,0.022060308764479338
1397,0.02201792764651051
1398,0.021974319714794917
1399,0.021757600790414965
1400,0.02154026386613744
1401,0.02149414914282571
1402,0.02144715766436419
1403,0.021399554247508355
1404,0.021351234762789346
1405,0.0211300370368018
1406,0.020908022256313386
1407,0.020857483086015403
1408,0.020806275440901335
1409,0.020754467893293334
1410,0.020702407372229933
1411,0.020649886475051813
1412,0.020596807249957202
1413,0.02037137549946089
1414,0.020145592326375243
1415,0.020091483609677406
1416,0.020037272762404572
1417,0.01998312370170157
1418,0.019929242314212916
1419,0.019875476276942132
1420,0.01982158307718549
1421,0.01976778052852807
1422,0.019714497019282146
1423,0.019661590878383064
1424,0.019608998976750336
1425,0.019556867579119872
1426,0.019505272516103556
1427,0.01945423193675447
1428,0.01940375794651514
1429,0.019353783937409188
1430,0.01930424163835365
1431,0.019082999111587277
1432,0.018862419448794833
1433,0.018814861934801537
1434,0.01876803361239888
1435,0.018722038507030588
1436,0.01867704163442809
1437,0.018633001692261644
1438,0.0185897978500139
1439,0.018547555061078618
1440,0.01850660060588754
1441,0.018467003425287957
1442,0.018429047651176346
1443,0.018392633324798024
1444,0.018357086077281946
1445,0.018322511889103853
1446,0.018289618117769548
1447,0.018258122051194432
1448,0.018227797295919213
1449,0.01819889352127382
1450,0.018171599006972163
1451,0.018145976204128087
1452,0.018121826637995025
1453,0.018098895623465023
1454,0.018077143655276993
1455,0.018056821370581237
1456,0.018038146776915565
1457,0.01802139481240722
1458,0.01800626157297289
1459,0.017992578682178552
1460,0.017980305997954606
1461,0.017969362890142632
1462,0.01795998426286343
1463,0.018124078219942025
1464,0.018289399365168872
1465,0.018283895366457536
1466,0.0182794888635555
1467,0.01827609888671442
1468,0.01827383211292645
1469,0.0182726474928319
1470,0.018272588687442946
1471,0.018273715444897382
1472,0.018275640878338266
1473,0.018278457662805735
1474,0.0182823488556469
1475,0.01828727416071044
1476,0.01829294475052009
1477,0.01829916540695093
1478,0.018306052052597378
1479,0.01831366946658163
1480,0.018321775245819925
1481,0.018330371786493386
1482,0.01833966498157404
1483,0.018521786700951115
1484,0.018704385654138334
1485,0.018715055528542822
1486,0.0187260008536539
1487,0.018737235767594774
1488,0.018748487155807667
1489,0.0187596586168282
1490,0.01877061420388553
1491,0.018781209670510834
1492,0.018791640828539548
1493,0.018802178063798143
1494,0.01881275584284418
1495,0.01882323135359429
1496,0.018833488118454596
1497,0.018843909107274855
1498,0.018854587168184906
1499,0.019037546462316122
1500,0.01922072959300857
1501,0.019231885447856867
1502,0.019242947377206936
1503,0.019253743391351087
1504,0.019263930816997156
1505,0.019273519349984346
1506,0.019282761925737506
1507,0.019291861301666303
1508,0.0193012403800852
1509,0.019310634623337437
1510,0.01932005490136156
1511,0.01932958372218916
1512,0.019338898062322977
1513,0.019520182972311992
1514,0.019701611519726856
1515,0.01971090355623882
1516,0.01972052123925786
1517,0.019730527139541626
1518,0.019740477996381234
1519,0.019750250468833358
1520,0.019759439748248057
1521,0.019768208033493412
1522,0.01977705337602514
1523,0.01978592858017942
1524,0.019794768939494937
1525,0.019803548124818045
1526,0.019812110630959806
1527,0.019820460864789953
1528,0.019828405177387407
1529,0.020007978470852943
1530,0.020187409009858777
1531,0.020194928580188162
1532,0.020202890051781445
1533,0.020210822839018566
1534,0.02021860477015344
1535,0.02022633872059471
1536,0.020233706413599395
1537,0.02024072240103906
1538,0.02024761398050094
1539,0.020254195843798544
1540,0.02026070332736514
1541,0.0202676110628626
1542,0.020274611366169145
1543,0.020281304050700857
1544,0.02028746802898857
1545,0.020293512533844454
1546,0.020299593531784593
1547,0.020305330659999066
1548,0.020310802983540564
1549,0.020488297121098342
1550,0.020665744247011984
1551,0.020671019875188185
1552,0.02067612693072531
1553,0.020681312232238024
1554,0.020686686494651624
1555,0.020691930001189584
1556,0.020697195605124362
1557,0.02070234306065866
1558,0.02070708324452194
1559,0.02071150317052748
1560,0.020715499680478387
1561,0.020719001868602014
1562,0.020722209091618662
1563,0.020725341714636927
1564,0.0207285896937146
1565,0.020731929298854465
1566,0.02073533872342499
1567,0.02073886924310481
1568,0.020742260056437686
1569,0.020745517290420203
1570,0.020748898391844902
1571,0.020924455339181386
1572,0.02110029941662591
1573,0.021104416251657435
1574,0.021108829677469323
1575,0.02111338844361041
1576,0.02111772154284881
1577,0.02112199645861474
1578,0.021126335172524196
1579,0.021130621537261866
1580,0.021135031179341044
1581,0.021139733546819445
1582,0.021144679745524416
1583,0.021149738050304484
1584,0.021154625982877585
1585,0.021159288208827495
1586,0.021163685214167973
1587,0.021167901367586006
1588,0.021172481232744254
1589,0.021177833343669
1590,0.021183432361687432
1591,0.021188803908839322
1592,0.021193651132126866
1593,0.021198371190476118
1594,0.02120333258216735
1595,0.021208636860452684
1596,0.021214280892565582
1597,0.021220073518113742
1598,0.021225836455549485
1599,0.021231399889434902
1600,0.02123664241715585
1601,0.02141368476692425
1602,0.02159061095005437
1603,0.021595467281094197
1604,0.02160074070900872
1605,0.021606160676636316
1606,0.021611663448224842
1607,0.02161753826600493
1608,0.02162357094369633
1609,0.021629454279191832
1610,0.021635172540369778
1611,0.021640552266224123
1612,0.021645656277242478
1613,0.02165063057302707
1614,0.0216553430989718
1615,0.02165981886831836
1616,0.02166412066215897
1617,0.02166826782279616
1618,0.021672441696744132
1619,0.021676800391298878
1620,0.02168125501450038
1621,0.021685468068930576
1622,0.021689657183267787
1623,0.02169401218252058
1624,0.021698045398302578
1625,0.021701490147601005
1626,0.021704457418043895
1627,0.021707179856428612
1628,0.02170984114138872
1629,0.021712308522472544
1630,0.021714636019004627
1631,0.021716698018989195
1632,0.021718515206802253
1633,0.021720283800589518
1634,0.02172173325555105
1635,0.021722646719537535
1636,0.021723308948645173
1637,0.02189579226584402
1638,0.022067923136822043
1639,0.02206760989744594
1640,0.02206662057276936
1641,0.022065280750162897
1642,0.022063774525742427
1643,0.02206193464302152
1644,0.022060162759724434
1645,0.022058702021304753
1646,0.022057691413554556
1647,0.022056857424754158
1648,0.022055884157557253
1649,0.02205478853331497
1650,0.022053406767128185
1651,0.02205180909245268
1652,0.02204993929876024
1653,0.02204734177452701
1654,0.022044582159086886
1655,0.022041958765445048
1656,0.022038830899128673
1657,0.022035069189096486
1658,0.022030821853633704
1659,0.02202648265703201
1660,0.022022476363979974
1661,0.022018925740973274
1662,0.022015768017825035
1663,0.02201272822104484
1664,0.022009240873129065
1665,0.02200502948310696
1666,0.02200021568034447
1667,0.021994859066836507
1668,0.021988573522471987
1669,0.02198151733761192
1670,0.021974384277717116
1671,0.021967105051256684
1672,0.021959384601117442
1673,0.021951312258950906
1674,0.021943051078247296
1675,0.021934942102088777
1676,0.02192721553923516
1677,0.021919830004705466
1678,0.021912745818355703
1679,0.02190585604192905
1680,0.02189888653119622
1681,0.021891497616117243
1682,0.021883269146243025
1683,0.021874394439321085
1684,0.02186522285423467
1685,0.021855739424357423
1686,0.021845549778218815
1687,0.021834709762530956
1688,0.021823605550074784
1689,0.021984456594032635
1690,0.02214551802799521
1691,0.02213499331533635
1692,0.022124566695794545
1693,0.022114347732786345
1694,0.022104482012206834
1695,0.022094531324971484
1696,0.022084334618489923
1697,0.022073804595572934
1698,0.022063002728166314
1699,0.022052337584432747
1700,0.022041859529103088
1701,0.022031616482556443
1702,0.02202144973770792
1703,0.02201125471740682
1704,0.022001062072882462
1705,0.021990978439539195
1706,0.021981205313270184
1707,0.021971659231691587
1708,0.021962329994216507
1709,0.021953705925413083
1710,0.021945632084743778
1711,0.02193758093812919
1712,0.021929399691602118
1713,0.02192120210946834
1714,0.02191315923617395
1715,0.021905156302024956
1716,0.02189698604443728
1717,0.02188852682627492
1718,0.021879706757619716
1719,0.021871166717060613
1720,0.021862992594854077
1721,0.021854770508283793
1722,0.021846694146395878
1723,0.02183895754338557
1724,0.0218316692981037
1725,0.02182496928432961
1726,0.021818697387413283
1727,0.02181275309723879
1728,0.021806864440627592
1729,0.021800187019274546
1730,0.021793081256100192
1731,0.02178624016962496
1732,0.021779645676333597
1733,0.02177333825043147
1734,0.021767094283402025
1735,0.02176067700717682
1736,0.02175374536052355
1737,0.02174623416926701
1738,0.021738128800883976
1739,0.021729257438729804
1740,0.021720189275597254
1741,0.021711425306350656
1742,0.021703032456039856
1743,0.02169511478017821
1744,0.02168731143626775
1745,0.021679366707058764
1746,0.021671535522207932
1747,0.021663688776608177
1748,0.021655662511263822
1749,0.021646913316813766
1750,0.021637126455624912
1751,0.021626000472541592
1752,0.021613318279333486
1753,0.021599461189977853
1754,0.021585226519033995
1755,0.02157111678079826
1756,0.02155743474696893
1757,0.021544608937455283
1758,0.02153253080330955
1759,0.02152064136932204
1760,0.02150865250570167
1761,0.021496475731461368
1762,0.021483940412071093
1763,0.02129899041905956
1764,0.02111340829198005
1765,0.021099308464505927
1766,0.0210848467115408
1767,0.02106932633143128
1768,0.021052435165606388
1769,0.02103473314763579
1770,0.021016754492494
1771,0.020999488408523694
1772,0.02098382751476342
1773,0.02096922188785187
1774,0.020955259209473498
1775,0.020941445677178535
1776,0.020927563031552538
1777,0.020913532304238754
1778,0.020899341771113272
1779,0.02088497577443639
1780,0.02087034048867166
1781,0.020855450378061084
1782,0.020840165818686703
1783,0.020824240360900925
1784,0.020807510684830513
1785,0.020790688530948183
1786,0.020774933451999586
1787,0.02076087303407193
1788,0.020748190650419482
1789,0.020736454842761712
1790,0.02072480982573448
1791,0.020712675964685352
1792,0.020700234017742705
1793,0.020859783680069327
1794,0.021019408193334553
1795,0.02100748473930661
1796,0.02099607853730288
1797,0.020985502653639222
1798,0.020974983627730374
1799,0.020964937850442015
1800,0.02095516517404853
1801,0.02094621812472711
1802,0.020938882216022057
1803,0.02093218462450929
1804,0.020925737164272422
1805,0.02091925073577901
1806,0.020912909948607457
1807,0.0209068752860521
1808,0.02090204677103546
1809,0.020898588537228285
1810,0.020895971945996974
1811,0.02089376906296107
1812,0.020891817965337893
1813,0.020890460041539542
1814,0.020889574631199514
1815,0.020889161482849385
1816,0.020889586133064873
1817,0.020890867030967326
1818,0.020892551179381116
1819,0.02089531025905633
1820,0.02089922845136372
1821,0.020903674379001924
1822,0.020908299942057083
1823,0.020912524718471638
1824,0.020916300222650546
1825,0.02092031653696437
1826,0.02092543961321723
1827,0.020931524443102516
1828,0.020938284230514588
1829,0.020945888596678806
1830,0.020953582347337473
1831,0.02096079120435835
1832,0.02096761215119911
1833,0.020974567481550164
1834,0.02098190577989785
1835,0.020989415279574274
1836,0.020996873820360338
1837,0.021004585017313206
1838,0.021012489247810486
1839,0.02102037366014702
1840,0.02102874778030906
1841,0.021037073196270708
1842,0.02104542849984143
1843,0.02105400657429584
1844,0.021062353948304417
1845,0.021070346021582982
1846,0.021078488973186735
1847,0.021086797167957028
1848,0.021094761171173832
1849,0.020930553337744767
1850,0.020766298989058126
1851,0.020773852734565834
1852,0.02078161565093993
1853,0.020789718252550087
1854,0.020798212244895684
1855,0.020807482145891603
1856,0.02081754727563805
1857,0.020827778870475218
1858,0.02083778701496881
1859,0.020675127356523673
1860,0.02051181419530541
1861,0.02052047306230848
1862,0.020529160880388475
1863,0.020538116772526267
1864,0.02054722269162392
1865,0.02038411788956833
1866,0.020220774594446923
1867,0.020229522991887402
1868,0.020238491656512068
1869,0.020075837228116625
1870,0.019913223926352204
1871,0.019749748314438164
1872,0.019586087052416958
1873,0.019594736847256152
1874,0.01960344548280326
1875,0.019440327249928953
1876,0.019277595754514414
1877,0.01911516608178459
1878,0.01895287416089401
1879,0.01879065937551246
1880,0.018628685197292886
1881,0.018466283841490922
1882,0.018303353962512134
1883,0.01814040942157475
1884,0.017977776902347888
1885,0.017987377819300647
1886,0.017997021142347545
1887,0.017834614172183905
1888,0.017672172072023425
1889,0.017509432819016332
1890,0.017346364887204722
1891,0.017183083194872946
1892,0.017019557483497594
1893,0.0168557651065555
1894,0.016691802885001078
1895,0.01669973407759107
1896,0.01670736901834989
1897,0.016542345156227534
1898,0.016376478862255583
1899,0.016381547410718365
1900,0.016385717735561772
1901,0.016217555341254915
1902,0.01604977021429173
1903,0.016053189186814993
1904,0.016054673177859816
1905,0.01588208227793688
1906,0.015708127099830046
1907,0.01570569129687482
1908,0.015702993648155403
1909,0.01569970368045968
1910,0.015695452651723747
1911,0.015689810170617147
1912,0.015682708719975194
1913,0.015674464744801143
1914,0.01566497723952837
1915,0.015654102568629424
1916,0.015641829615230318
1917,0.015456352398235198
1918,0.015269512753213501
1919,0.015253437254674875
1920,0.01523602561913473
1921,0.015217165226248042
1922,0.015196647001177172
1923,0.0151745345756397
1924,0.015151379815827525
1925,0.01512771345704153
1926,0.015104025480907656
1927,0.015079883972937202
1928,0.015054779311355224
1929,0.015028112507984928
1930,0.014999730321708702
1931,0.014970079955083142
1932,0.014939507966789315
1933,0.014908362175829202
1934,0.014876769140555735
1935,0.014844857976197124
1936,0.01481243485266035
1937,0.014779221024320116
1938,0.014745151519800237
1939,0.014710292074571705
1940,0.014674822265353483
1941,0.014811010005681462
1942,0.014946962383110047
1943,0.014910801270875176
1944,0.014874532657797177
1945,0.014838140349795307
1946,0.014801725182691995
1947,0.014765191663959301
1948,0.01472837555054833
1949,0.014690945397370746
1950,0.014652791246461622
1951,0.014614276083331173
1952,0.014576179196725526
1953,0.014538778032455539
1954,0.014502016066825916
1955,0.014465060638825323
1956,0.014427142784119357
1957,0.01438851931553765
1958,0.014349974744736196
1959,0.014312223609579695
1960,0.014275500445081002
1961,0.014239605179105592
1962,0.014204019259350146
1963,0.014340572425042317
1964,0.014477535814305848
1965,0.014443331728354937
1966,0.014409727119215933
1967,0.014376239561785789
1968,0.014343048156685636
1969,0.014310461944633831
1970,0.014278944379949383
1971,0.014248358180871496
1972,0.014218602399727382
1973,0.014189602326903866
1974,0.014161041698160579
1975,0.014133304422783884
1976,0.014106765880610965
1977,0.014253491554219865
1978,0.014401347850021423
1979,0.014378126907295861
1980,0.014355712771702516
1981,0.014334285416833842
1982,0.01431381052629132
1983,0.014294669129656924
1984,0.014276884415949046
1985,0.014260239627516779
1986,0.014244757883490677
1987,0.014230683836793703
1988,0.014217864034518246
1989,0.014378264641384893
1990,0.014539729903642662
1991,0.01453003841274164
1992,0.014520731959312468
1993,0.014511517009526683
1994,0.014503387953388746
1995,0.014497120626910423
1996,0.014492446460476725
1997,0.014488817115139606
1998,0.014486017691851382
1999,0.014483585813344073
2000,0.014481300859831285
2001,0.014651352744349472
2002,0.014821773636468279
2003,0.014820794722901893
2004,0.014821005089347377
2005,0.014822132744448333
2006,0.01482373110332075
2007,0.014825659277963681
2008,0.014827776796729876
2009,0.014830304855795397
2010,0.014833350442556946
2011,0.015009075043287804
2012,0.015185538114061573
2013,0.01519067081570305
2014,0.015196218513381396
2015,0.015201866919639897
2016,0.0152072315653276
2017,0.015212431537027124
2018,0.015217652512445386
2019,0.015222991130271871
2020,0.01522880006424629
2021,0.01523521772352045
2022,0.015242169707092537
2023,0.015421511409215398
2024,0.015600770997193394
2025,0.01560728683596809
2026,0.015613082974912512
2027,0.015618830672381808
2028,0.01562528054314798
2029,0.015632139750423112
2030,0.015638656768997394
2031,0.015644383072700545
2032,0.015649576451990634
2033,0.015826414384341497
2034,0.01600304856479157
2035,0.016007398936804612
2036,0.016011356634005415
2037,0.016015220879596052
2038,0.016019370335820682
2039,0.016023838131785657
2040,0.0160280513504707
2041,0.01603221383035348
2042,0.016036481029196584
2043,0.01604054391906696
2044,0.016044325812296572
2045,0.016219570656012823
2046,0.01639393467341762
2047,0.01639562940427503
2048,0.0163970405293814
2049,0.01639821870613834
2050,0.016399797033118838
2051,0.016401655196869723
2052,0.016403308514217493
2053,0.016404617368424575
2054,0.016405018815872228
2055,0.016576628321640804
2056,0.016748002558580305
2057,0.01674754861656548
2058,0.01674782638700666
2059,0.016748314164925195
2060,0.016748223615550735
2061,0.016747604995942217
2062,0.016746428728396746
2063,0.01674495236769483
2064,0.01674341281319553
2065,0.016741889416306215
2066,0.01674014584542037
2067,0.016910418071270566
2068,0.0170810662439763
2069,0.017079408658262976
2070,0.01707655700287748
2071,0.017072750145613318
2072,0.01706817657358317
2073,0.017063390384989444
2074,0.017058833611654382
2075,0.017054701999874536
2076,0.017051497265914713
2077,0.01722123367013537
2078,0.017390769494140527
2079,0.017386818042450226
2080,0.01738189359176901
2081,0.01737672103738734
2082,0.017371072795682577
2083,0.017365287314712506
2084,0.01735944478318196
2085,0.017353790224690212
2086,0.01734849117446574
2087,0.017342959134519196
2088,0.017337553508250596
2089,0.017504655607989063
2090,0.01767181275964344
2091,0.01766676408359706
2092,0.01766203152525068
2093,0.0176574296735926
2094,0.017652460617107256
2095,0.017647373026757424
2096,0.017642424791471
2097,0.0176373164322992
2098,0.01763218583980802
2099,0.01779962884370779
2100,0.017967399867849246
2101,0.017963354621477183
2102,0.017959527862388188
2103,0.017955484879746467
2104,0.017950994368724407
2105,0.017945999009667327
2106,0.017941229250411212
2107,0.01793726453139658
2108,0.017934123280179334
2109,0.017931983325757773
2110,0.01793052778259778
2111,0.018101324461293512
2112,0.018271700303177273
2113,0.018269178235961216
2114,0.018266318562025825
2115,0.018263549570958458
2116,0.018260707020218064
2117,0.018257803284971813
2118,0.018255081917759194
2119,0.018252197322778982
2120,0.01824911126538087
2121,0.018246004516049297
2122,0.01824307624349515
2123,0.018412347533613312
2124,0.01858190968759386
2125,0.018579512621526493
2126,0.018576767800637887
2127,0.018573299280407473
2128,0.018568770607796256
2129,0.018563354971454758
2130,0.018557089038314704
2131,0.01855059854170076
2132,0.01854475716514558
2133,0.01854005828933166
2134,0.018535919147191358
2135,0.01853133518538698
2136,0.01852539940761949
2137,0.01869008673462718
2138,0.018853921465237563
2139,0.01884556430368202
2140,0.018836952977780652
2141,0.018827877078103766
2142,0.01881860994513666
2143,0.018809408798155583
2144,0.01879993462696327
2145,0.018790274913171475
2146,0.018780669144493643
2147,0.018770812327305823
2148,0.018761098283318112
2149,0.018751840256295105
2150,0.018742898487967886
2151,0.01873476551766139
2152,0.018726960145904525
2153,0.01871839716679941
2154,0.018708836200177638
2155,0.01869781427633836
2156,0.018686379664718724
2157,0.018675570778501484
2158,0.018665009699791478
2159,0.018654892565474653
2160,0.018644907877957157
2161,0.018806679680873285
2162,0.018968434606715222
2163,0.018957912549685717
2164,0.01894736355602673
2165,0.01893735285801117
2166,0.018927845303428555
2167,0.018918833587018055
2168,0.018910529255734394
2169,0.018902539012319093
2170,0.01889449226988301
2171,0.018886287221872435
2172,0.018877521023142108
2173,0.018868604513017972
2174,0.018860077937838164
2175,0.018851719379206287
2176,0.01884347579725637
2177,0.018835584264973552
2178,0.0188280511171775
2179,0.018820661388211406
2180,0.018813309273483948
2181,0.018806229760254357
2182,0.01879906404590315
2183,0.018791998145338076
2184,0.018784690919197825
2185,0.018776817376278617
2186,0.018769564319776937
2187,0.018763112430864586
2188,0.018757080834953466
2189,0.018751777325874627
2190,0.01874746538508374
2191,0.018743989690343944
2192,0.018740703076791508
2193,0.018736950045904147
2194,0.018732898028519535
2195,0.018728706625119117
2196,0.018724280865299515
2197,0.018719543029923926
2198,0.018714639062033366
2199,0.018709785669490796
2200,0.01870486939450708
2201,0.018700081779858185
2202,0.018695840851561202
2203,0.018691474300648693
2204,0.018686903478290245
2205,0.018682336265789745
2206,0.018677376615722517
2207,0.018672245719141133
2208,0.018667201394220068
2209,0.01866199441550427
2210,0.01865709810335073
2211,0.0186522285521776
2212,0.01864701866151194
2213,0.018641874763367417
2214,0.018636742837277558
2215,0.0186315563899961
2216,0.018625509795933533
2217,0.018618534220635308
2218,0.01861140427664207
2219,0.01877685661269925
2220,0.018943554720624634
2221,0.0189385247280302
2222,0.018932649858929503
2223,0.018925425247447916
2224,0.01891702455555196
2225,0.01890799760928473
2226,0.018898790232340545
2227,0.018889741339160198
2228,0.0188804983325139
2229,0.018871233725810482
2230,0.01886219910429801
2231,0.018853198900645317
2232,0.01884459129249399
2233,0.01883551266212347
2234,0.018824704108616218
2235,0.018812208601770592
2236,0.018798776934321807
2237,0.0187853885278543
2238,0.01877273944840147
2239,0.01876011358140987
2240,0.018747055691742318
2241,0.018733184320898825
2242,0.018719043789942217
2243,0.018704649059662678
2244,0.018690046254974068
2245,0.018675973229198894
2246,0.018661677351815367
2247,0.01847432001399938
2248,0.018286671013943417
2249,0.018271096208033678
2250,0.018255232059697056
2251,0.01823930673869829
2252,0.01822379287043325
2253,0.018209197105558954
2254,0.01819517099934826
2255,0.01818103559285021
2256,0.018166762824532817
2257,0.018152191473391994
2258,0.018137074094320877
2259,0.018122023863897472
2260,0.018107309990857724
2261,0.018093069381171195
2262,0.018078490857526774
2263,0.01806261876736134
2264,0.018045677424560133
2265,0.018028538141648877
2266,0.018011302652461564
2267,0.01799421709639154
2268,0.017977578877692208
2269,0.017960972607600722
2270,0.017944283169861054
2271,0.017927137348019782
2272,0.01790921688756007
2273,0.017891296156759443
2274,0.017873442876725914
2275,0.01785542067923832
2276,0.017838027984820946
2277,0.01782119423177273
2278,0.01780414677378671
2279,0.01778739870033035
2280,0.017771420156148614
2281,0.017754780063903835
2282,0.017736420238856652
2283,0.017717504278354116
2284,0.01769912547456412
2285,0.017682081289003535
2286,0.017666596603380356
2287,0.017479214470295795
2288,0.017290689396273463
2289,0.01727332537110661
2290,0.017255799614399714
2291,0.017237787542129148
2292,0.017219306406139948
2293,0.017201004488535274
2294,0.017182961561233147
2295,0.017165184542444204
2296,0.017147273210139948
2297,0.017128604061441052
2298,0.017109178777170247
2299,0.01708942537421773
2300,0.017069981416117142
2301,0.017051016452667003
2302,0.017032035746952834
2303,0.017012997211516348
2304,0.016993920177472602
2305,0.01697538860826347
2306,0.01695859630276201
2307,0.01694255118360917
2308,0.016926439672298302
2309,0.016738590987754248
2310,0.016550792230878734
2311,0.01653447894022661
2312,0.016517454419958746
2313,0.01650009713417782
2314,0.016482776640023317
2315,0.016465605094180283
2316,0.01644807651368173
2317,0.016430873078703594
2318,0.016414728945690692
2319,0.016399077545869344
2320,0.016383556560706673
2321,0.016367502892365472
2322,0.016350560538807405
2323,0.016333594040592456
2324,0.01631694488766932
2325,0.016300296508908633
2326,0.016284357319227234
2327,0.016270269539529435
2328,0.016257383586350073
2329,0.016245876170886738
2330,0.016235113079972746
2331,0.01622381879914102
2332,0.016212480925726917
2333,0.01602932697940048
2334,0.015846624489924112
2335,0.015837545932748026
2336,0.015830418723366612
2337,0.015824537546218483
2338,0.01581950541273955
2339,0.015814657150227816
2340,0.015809913874735994
2341,0.015805122520729416
2342,0.015800374805339194
2343,0.01579638904748117
2344,0.015793598133629544
2345,0.015792319093326266
2346,0.015792362203250997
2347,0.015620463649114779
2348,0.015448418344907016
2349,0.015449422418213796
2350,0.015450636327530506
2351,0.015451676945841495
2352,0.015453089371656367
2353,0.015455345006076811
2354,0.01545954970287634
2355,0.015465042694638166
2356,0.0154711311474493
2357,0.01547804420008576
2358,0.015485311023141924
2359,0.015491850948196493
2360,0.015497861370757142
2361,0.015503715757230143
2362,0.0155096596623224
2363,0.015344192764373165
2364,0.01517962127433774
2365,0.015189243216223641
2366,0.015200023694364309
2367,0.015209823356123697
2368,0.01521921324591389
2369,0.015228446655547883
2370,0.015236945406757687
2371,0.015244160759203597
2372,0.015250185085487953
2373,0.015256756779832358
2374,0.015264090181056119
2375,0.015271750776471983
2376,0.015279753744111318
2377,0.015287777883104297
2378,0.015295717819507684
2379,0.015131011908782925
2380,0.01496541203612328
2381,0.014970375809645164
2382,0.01497485807021261
2383,0.014980049881910842
2384,0.014985416117797532
2385,0.014989967602382106
2386,0.014994401479549096
2387,0.01499915145659366
2388,0.015003021560103916
2389,0.015005191271903246
2390,0.015005114538118628
2391,0.014832205149462395
2392,0.014659705984484005
2393,0.014659777051609006
2394,0.014661668432477265
2395,0.01466566245454341
2396,0.01467012161982218
2397,0.014674332028337261
2398,0.014676932862018734
2399,0.014677443768266093
2400,0.014677208343773463
2401,0.014678405028286117
2402,0.014682661010674163
2403,0.014688010006649937
2404,0.014692208807114304
2405,0.014522508944879277
2406,0.014352563527934294
2407,0.01435543290357593
2408,0.014359918201699934
2409,0.014365679326860004
2410,0.014372364508422266
2411,0.014380757038083964
2412,0.014390312719836432
2413,0.014399521699294027
2414,0.014407340292874011
2415,0.014414205060787994
2416,0.014419666458157496
2417,0.014424779036994415
2418,0.014432522006454547
2419,0.014441993019133528
2420,0.0144532389113384
2421,0.014296080954581195
2422,0.014140215299697046
2423,0.014155957218472157
2424,0.014171626308549559
2425,0.01418844649755123
2426,0.014207744162935725
2427,0.014227927040598009
2428,0.014247886804225571
2429,0.014265061012718943
2430,0.014279469462162601
2431,0.014292156265286848
2432,0.01430400498507678
2433,0.014142888672293998
2434,0.013980821613086674
2435,0.013993280170053104
2436,0.014007253715182839
2437,0.014019417401740172
2438,0.01403032154270782
2439,0.014040552189787819
2440,0.014050041671707352
2441,0.01405968430350983
2442,0.014069830605369968
2443,0.014080646047488049
2444,0.014092674968405574
2445,0.01393370790063635
2446,0.013772406015508424
2447,0.013779193805106754
2448,0.013785413915448297
2449,0.013793267651482243
2450,0.013800478127821321
2451,0.013806918550144086
2452,0.013814281239473229
2453,0.013822511227545768
2454,0.013830330479135395
2455,0.013836087441362041
2456,0.013840403902288042
2457,0.01384601183810107
2458,0.013852233930479123
2459,0.01385776638617187
2460,0.013863532403795968
2461,0.013698434729105115
2462,0.013534415184606142
2463,0.013540630941154205
2464,0.013544524727272751
2465,0.013547808210039028
2466,0.013554170682768853
2467,0.0135628111015023
2468,0.013569085731407865
2469,0.0135743529505527
2470,0.013580913390897016
2471,0.013588880949623832
2472,0.013594686321977379
2473,0.013598026459661195
2474,0.013604096725941067
2475,0.0136128234666413
2476,0.013621669343211995
2477,0.013459231751404444
2478,0.0132962558585957
2479,0.013303899264287712
2480,0.013310921581257927
2481,0.013316002596234482
2482,0.013323277293962064
2483,0.013333151193883175
2484,0.013342374119407922
2485,0.013351996537063133
2486,0.013358927994595456
2487,0.013362841373323784
2488,0.013367848222798445
2489,0.013374425010276551
2490,0.013385512573085524
2491,0.01339919486324415
2492,0.013414064597549092
2493,0.013428852239043412
2494,0.013439666455896624
2495,0.013274900612845336
2496,0.013105903017403638
2497,0.013109658191832753
2498,0.013118313379404178
2499,0.013129244714073571
2500,0.013137989956805879
