wavelength_nm,reflectance
400,0.05834603309631348
401,0.05834726616740227
402,0.058348625898361206
403,0.0583500973880291
404,0.058351706713438034
405,0.05835346505045891
406,0.05835537239909172
407,0.05835745111107826
408,0.058359723538160324
409,0.05836218595504761
410,0.0583648681640625
411,0.05836779251694679
412,0.058370959013700485
413,0.05837440490722656
414,0.05837814509868622
415,0.05838220193982124
416,0.05838659778237343
417,0.058391373604536057
418,0.05839654430747032
419,0.05840214714407921
420,0.0584082156419754
421,0.05841478332877159
422,0.058421891182661057
423,0.05842958018183708
424,0.058437883853912354
425,0.058446865528821945
426,0.058456551283597946
427,0.058467019349336624
428,0.05847831442952156
429,0.05849049985408783
430,0.058503638952970505
431,0.05851779505610466
432,0.058533042669296265
433,0.05854946747422218
434,0.05856715142726898
435,0.05858616903424263
436,0.058606624603271484
437,0.058628614991903305
438,0.05865224823355675
439,0.05867762863636017
440,0.05870487913489342
441,0.05873410403728485
442,0.0587654709815979
443,0.05879909172654152
444,0.05883512273430824
445,0.058873724192380905
446,0.058915045112371445
447,0.05895926430821419
448,0.059006571769714355
449,0.059057142585515976
450,0.059111181646585464
451,0.05916890501976013
452,0.05923052504658699
453,0.05929627642035484
454,0.05936639383435249
455,0.05944114550948143
456,0.059520769864320755
457,0.05960555747151375
458,0.059695784002542496
459,0.059791747480630875
460,0.05989375710487366
461,0.06000213325023651
462,0.0601172037422657
463,0.06023929640650749
464,0.06036878749728203
465,0.06050601974129677
466,0.060651376843452454
467,0.06080523133277893
468,0.060967981815338135
469,0.0611400306224823
470,0.061321768909692764
471,0.06151363253593445
472,0.06171603500843048
473,0.061929404735565186
474,0.062154170125722885
475,0.0623907744884491
476,0.06263964623212814
477,0.06290122121572495
478,0.06317595392465591
479,0.06346424669027328
480,0.06376654654741287
481,0.0640832856297493
482,0.0644148662686348
483,0.0647616907954216
484,0.06512415409088135
485,0.06550262868404388
486,0.06589747220277786
487,0.06630902737379074
488,0.066737599670887
489,0.0671834871172905
490,0.06764695793390274
491,0.06812823563814163
492,0.0686275064945221
493,0.06914495676755905
494,0.06968069076538086
495,0.07023479789495468
496,0.0708073079586029
497,0.07139820605516434
498,0.0720074400305748
499,0.07263488322496414
500,0.07328037172555923
501,0.07394367456436157
502,0.07462450116872787
503,0.07532250136137009
504,0.07603726536035538
505,0.07676830142736435
506,0.07751507312059402
507,0.07827696949243546
508,0.07905329018831253
509,0.07984329760074615
510,0.08064614981412888
511,0.08146098256111145
512,0.08228680491447449
513,0.0831226110458374
514,0.08396727591753006
515,0.08481965214014053
516,0.08567851036787033
517,0.08654254674911499
518,0.08741042762994766
519,0.08828073740005493
520,0.089152030646801
521,0.09002277255058289
522,0.09089142829179764
523,0.0917564108967781
524,0.09261607378721237
525,0.09346876293420792
526,0.09431280940771103
527,0.09514648467302322
528,0.0959680899977684
529,0.09677588194608688
530,0.09756814688444138
531,0.09834316372871399
532,0.09909921139478683
533,0.0998346209526062
534,0.10054770857095718
535,0.10123685747385025
536,0.10190048068761826
537,0.10253699868917465
538,0.10314494371414185
539,0.10372287034988403
540,0.10426940768957138
541,0.10478323698043823
542,0.10526315122842789
543,0.10570801049470901
544,0.10611674189567566
545,0.10648837685585022
546,0.10682205110788345
547,0.10711697489023209
548,0.10737251490354538
549,0.10758805274963379
550,0.10776317119598389
551,0.10789749026298523
552,0.10799077898263931
553,0.10804291814565659
554,0.10805388540029526
555,0.1080237552523613
556,0.10795274376869202
557,0.10784116387367249
558,0.10768943279981613
559,0.10749807953834534
560,0.10726771503686905
561,0.10699906200170517
562,0.10669294744729996
563,0.10635028034448624
564,0.10597202926874161
565,0.10555931180715561
566,0.10511323064565659
567,0.10463502258062363
568,0.10412599891424179
569,0.10358744859695435
570,0.10302082449197769
571,0.10242751985788345
572,0.1018090471625328
573,0.10116690397262573
574,0.1005026325583458
575,0.09981780499219894
576,0.09911397844552994
577,0.09839274734258652
578,0.09765569120645523
579,0.09690439701080322
580,0.09614040702581406
581,0.09536529332399368
582,0.09458056837320328
583,0.09378775209188461
584,0.09298828989267349
585,0.09218361973762512
586,0.09137511998414993
587,0.09056413173675537
588,0.0897519513964653
589,0.08893978595733643
590,0.08812883496284485
591,0.08732018619775772
592,0.0865149199962616
593,0.08571398258209229
594,0.0849182978272438
595,0.0841287150979042
596,0.08334598690271378
597,0.08257081359624863
598,0.0818038061261177
599,0.08104552328586578
600,0.08029641211032867
601,0.0795568898320198
602,0.07882725447416306
603,0.07810777425765991
604,0.07739859819412231
605,0.07669983059167862
606,0.07601150870323181
607,0.0753336027264595
608,0.07466600835323334
609,0.07400854676961899
610,0.07336102426052094
611,0.0727231577038765
612,0.0720946192741394
613,0.0714750587940216
614,0.07086405158042908
615,0.07026117295026779
616,0.06966594606637955
617,0.06907788664102554
618,0.068496473133564
619,0.0679212212562561
620,0.06735160201787949
621,0.06678712368011475
622,0.06622729450464249
623,0.0656716600060463
624,0.06511981040239334
625,0.06457134336233139
626,0.06402596086263657
627,0.06348339468240738
628,0.0629434660077095
629,0.062406063079833984
630,0.06187118589878082
631,0.06133893504738808
632,0.06080951169133186
633,0.06028325855731964
634,0.059760626405477524
635,0.05924220755696297
636,0.05872875824570656
637,0.05822116509079933
638,0.05772046744823456
639,0.05722789093852043
640,0.05674480274319649
641,0.05627274140715599
642,0.055813420563936234
643,0.055368710309267044
644,0.05494067072868347
645,0.05453147366642952
646,0.0541435070335865
647,0.05377928540110588
648,0.05344146490097046
649,0.053132835775613785
650,0.052856337279081345
651,0.052615001797676086
652,0.052411999553442
653,0.05225054547190666
654,0.05213397368788719
655,0.052065659314394
656,0.05204903706908226
657,0.05208757892251015
658,0.052184756845235825
659,0.05234406515955925
660,0.05256897211074829
661,0.052862927317619324
662,0.05322931706905365
663,0.053671497851610184
664,0.054192736744880676
665,0.05479621887207031
666,0.05548505485057831
667,0.056262221187353134
668,0.0571306012570858
669,0.05809295177459717
670,0.05915191397070885
671,0.060309991240501404
672,0.061569541692733765
673,0.0629328116774559
674,0.06440189480781555
675,0.0659787505865097
676,0.0676652118563652
677,0.06946297734975815
678,0.07137361913919449
679,0.07339857518672943
680,0.07553914934396744
681,0.077796570956707
682,0.08017189055681229
683,0.08266612142324448
684,0.08528009057044983
685,0.08801454305648804
686,0.09087013453245163
687,0.0938473641872406
688,0.09694664925336838
689,0.10016825795173645
690,0.10351233929395676
691,0.1069788932800293
692,0.11056777834892273
693,0.1142786517739296
694,0.11811104416847229
695,0.12206423282623291
696,0.12613728642463684
697,0.13032905757427216
698,0.13463811576366425
699,0.13906274735927582
700,0.1436009258031845
701,0.1482502967119217
702,0.15300820767879486
703,0.1578715294599533
704,0.16283681988716125
705,0.16790024936199188
706,0.17305751144886017
707,0.17830394208431244
708,0.18363435566425323
709,0.18904326856136322
710,0.19452466070652008
711,0.20007218420505524
712,0.2056790590286255
713,0.2113381177186966
714,0.21704190969467163
715,0.22278262674808502
716,0.2285522222518921
717,0.23434238135814667
718,0.24014468491077423
719,0.24595052003860474
720,0.25175121426582336
721,0.2575381100177765
722,0.2633025646209717
723,0.26903602480888367
724,0.27473005652427673
725,0.28037652373313904
726,0.28596749901771545
727,0.29149532318115234
728,0.2969527244567871
729,0.3023328483104706
730,0.30762919783592224
731,0.3128357529640198
732,0.31794700026512146
733,0.3229579031467438
734,0.3278639316558838
735,0.33266106247901917
736,0.33734583854675293
737,0.34191516041755676
738,0.34636664390563965
739,0.350698322057724
740,0.3549085557460785
741,0.3589964807033539
742,0.3629613220691681
743,0.36680302023887634
744,0.3705216348171234
745,0.37411776185035706
746,0.3775923252105713
747,0.38094648718833923
748,0.38418176770210266
749,0.38729986548423767
750,0.3903026878833771
751,0.39319244027137756
752,0.3959713876247406
753,0.39864203333854675
754,0.40120694041252136
755,0.40366876125335693
756,0.4060303270816803
757,0.40829452872276306
758,0.4104641377925873
759,0.41254210472106934
760,0.4145313799381256
761,0.4164349138736725
762,0.4182555675506592
763,0.4199962615966797
764,0.4216598570346832
765,0.4232492446899414
766,0.42476722598075867
767,0.4262164831161499
768,0.42759969830513
769,0.42891955375671387
770,0.43017855286598206
771,0.4313792288303375
772,0.4325239658355713
773,0.433615118265152
774,0.4346550703048706
775,0.4356459081172943
776,0.4365898072719574
777,0.4374887943267822
778,0.43834495544433594
779,0.4391600787639618
780,0.4399361312389374
781,0.4406747817993164
782,0.44137778878211975
783,0.4420468509197235
784,0.4426834285259247
785,0.4432890713214874
786,0.44386526942253113
787,0.44441333413124084
788,0.4449346363544464
789,0.4454304277896881
790,0.4459019601345062
791,0.4463503360748291
792,0.44677671790122986
793,0.4471820890903473
794,0.44756755232810974
795,0.44793400168418884
796,0.448282390832901
797,0.44861355423927307
798,0.44892844557762146
799,0.4492276906967163
800,0.44951215386390686
801,0.4497826099395752
802,0.4500396251678467
803,0.4502840042114258
804,0.4505161941051483
805,0.4507369101047516
806,0.45094671845436096
807,0.45114612579345703
808,0.4513356685638428
809,0.451515793800354
810,0.4516870081424713
811,0.45184972882270813
812,0.45200440287590027
813,0.45215141773223877
814,0.4522911310195923
815,0.45242395997047424
816,0.45255017280578613
817,0.4526701867580414
818,0.4527842104434967
819,0.45289263129234314
820,0.4529956877231598
821,0.45309364795684814
822,0.4531867504119873
823,0.45327529311180115
824,0.453359454870224
825,0.4534394443035126
826,0.4535154402256012
827,0.45358777046203613
828,0.45365652441978455
829,0.4537218511104584
830,0.4537839889526367
831,0.4538430869579315
832,0.45389923453330994
833,0.4539526402950287
834,0.4540034234523773
835,0.4540517330169678
836,0.4540976583957672
837,0.4541412889957428
838,0.45418286323547363
839,0.45422235131263733
840,0.4542599022388458
841,0.45429563522338867
842,0.45432960987091064
843,0.4543619155883789
844,0.454392671585083
845,0.45442190766334534
846,0.45444974303245544
847,0.4544762074947357
848,0.45450130105018616
849,0.45452532172203064
850,0.45454803109169006
851,0.4545697271823883
852,0.4545903503894806
853,0.4546099603176117
854,0.4546286165714264
855,0.45464643836021423
856,0.4546632766723633
857,0.454679399728775
858,0.4546947181224823
859,0.4547092616558075
860,0.4547231197357178
861,0.4547363221645355
862,0.45474886894226074
863,0.4547607898712158
864,0.4547722041606903
865,0.45478299260139465
866,0.4547933042049408
867,0.45480313897132874
868,0.45481249690055847
869,0.4548213481903076
870,0.4548298418521881
871,0.4548378884792328
872,0.45484551787376404
873,0.4548528492450714
874,0.45485982298851013
875,0.4548664093017578
876,0.4548727571964264
877,0.45487871766090393
878,0.45488443970680237
879,0.4548899233341217
880,0.45489510893821716
881,0.45490002632141113
882,0.454904705286026
883,0.45490920543670654
884,0.454913467168808
885,0.4549175500869751
886,0.4549213945865631
887,0.4549250900745392
888,0.45492860674858093
889,0.45493197441101074
890,0.4549351632595062
891,0.4549381732940674
892,0.454941064119339
893,0.45494380593299866
894,0.4549464285373688
895,0.4549489915370941
896,0.45495137572288513
897,0.4549535810947418
898,0.4549557864665985
899,0.45495784282684326
900,0.45495977997779846
901,0.4544957038760185
902,0.4540323108434677
903,0.45356966137886046
904,0.4531076085567475
905,0.45264630317687987
906,0.45218569278717036
907,0.4517257949709892
908,0.45126659631729127
909,0.4508081501722336
910,0.4503504514694214
911,0.4498934262990952
912,0.44943715691566466
913,0.4489816364645958
914,0.4485268294811249
915,0.4480727732181549
916,0.4476194715499878
917,0.44716691493988037
918,0.4467151045799256
919,0.44626406699419024
920,0.4458137691020965
921,0.4453642174601555
922,0.4449154430627823
923,0.44446741878986357
924,0.4440201795101166
925,0.4435736984014511
926,0.4431279635429382
927,0.44268303394317626
928,0.4422388517856598
929,0.4417954313755036
930,0.4413528203964233
931,0.4409109631180763
932,0.4404698979854584
933,0.4400295948982239
934,0.43959007561206814
935,0.43915133029222486
936,0.43871338963508605
937,0.4382762137055397
938,0.4378398209810257
939,0.4374042156338692
940,0.43696940541267393
941,0.43653536051511765
942,0.436102157831192
943,0.43566966474056246
944,0.4352380096912384
945,0.43480710983276366
946,0.43437702357769015
947,0.43394772201776505
948,0.4335191977024078
949,0.4330915170907974
950,0.43266455829143524
951,0.4322384408116341
952,0.43181312084198
953,0.4313885369896889
954,0.43096476793289185
955,0.4305418267846107
956,0.4301196801662445
957,0.4296982878446579
958,0.4292777103185654
959,0.4288579308986664
960,0.4284389317035675
961,0.428020766377449
962,0.42760336279869077
963,0.42718673467636104
964,0.42677093505859376
965,0.42635589540004726
966,0.42594170212745663
967,0.4255282986164093
968,0.42511569380760195
969,0.42470387637615203
970,0.4242928504943847
971,0.42388259947299955
972,0.4234731805324555
973,0.4230645608901978
974,0.4226567184925079
975,0.4222496747970581
976,0.42184342265129093
977,0.42143802940845493
978,0.4210333758592606
979,0.42062952160835265
980,0.4202264964580536
981,0.4198242649435997
982,0.41942278444767
983,0.41902215719223024
984,0.41862229943275453
985,0.41822327524423597
986,0.417825037240982
987,0.4174275776743889
988,0.4170309436321259
989,0.41663510620594024
990,0.41624002456665044
991,0.41584578663110733
992,0.415452321767807
993,0.4150596630573273
994,0.41466779708862306
995,0.41427675932645797
996,0.4138865232467651
997,0.41349705815315246
998,0.41310839176177977
999,0.41272052526473996
1000,0.41233348846435547
1001,0.41237351298332214
1002,0.41241350769996643
1003,0.4124535024166107
1004,0.412493497133255
1005,0.4125335216522217
1006,0.41257357597351074
1007,0.4126136004924774
1008,0.4126535952091217
1009,0.412693589925766
1010,0.4127335846424103
1011,0.41277360916137695
1012,0.41281363368034363
1013,0.4128536283969879
1014,0.4128936529159546
1015,0.41293367743492126
1016,0.41297364234924316
1017,0.41301366686820984
1018,0.4130536615848541
1019,0.4130936861038208
1020,0.4131337106227875
1021,0.41317370533943176
1022,0.41321372985839844
1023,0.4132537543773651
1024,0.4132937490940094
1025,0.4133337736129761
1026,0.41337379813194275
1027,0.41341379284858704
1028,0.4134538173675537
1029,0.4134938418865204
1030,0.4135338366031647
1031,0.41357386112213135
1032,0.413613885641098
1033,0.4136538803577423
1034,0.413693904876709
1035,0.41373392939567566
1036,0.41377392411231995
1037,0.413813978433609
1038,0.4138540029525757
1039,0.41389402747154236
1040,0.41393402218818665
1041,0.4139740467071533
1042,0.4140141010284424
1043,0.41405412554740906
1044,0.41409412026405334
1045,0.41413414478302
1046,0.4141741693019867
1047,0.41421422362327576
1048,0.41425421833992004
1049,0.4142942428588867
1050,0.4143342971801758
1051,0.41437432169914246
1052,0.4144143760204315
1053,0.4144543707370758
1054,0.41449442505836487
1055,0.41453444957733154
1056,0.4145744740962982
1057,0.4146145284175873
1058,0.41465458273887634
1059,0.41469457745552063
1060,0.4147346317768097
1061,0.41477465629577637
1062,0.41481471061706543
1063,0.4148547649383545
1064,0.41489478945732117
1065,0.41493484377861023
1066,0.4149748980998993
1067,0.41501495242118835
1068,0.41505494713783264
1069,0.4150950014591217
1070,0.41513505578041077
1071,0.41517511010169983
1072,0.4152151644229889
1073,0.41525521874427795
1074,0.415295273065567
1075,0.4153353273868561
1076,0.4153754413127899
1077,0.415415495634079
1078,0.41545554995536804
1079,0.4154956042766571
1080,0.41553568840026855
1081,0.4155757427215576
1082,0.4156157970428467
1083,0.41565588116645813
1084,0.4156959354877472
1085,0.41573604941368103
1086,0.4157761037349701
1087,0.41581618785858154
1088,0.415856271982193
1089,0.41589638590812683
1090,0.4159364700317383
1091,0.41597652435302734
1092,0.4160165786743164
1093,0.41605666279792786
1094,0.4160967767238617
1095,0.41613689064979553
1096,0.41617700457572937
1097,0.4162170886993408
1098,0.41625717282295227
1099,0.4162973165512085
1100,0.41633740067481995
1101,0.41630420088768005
1102,0.4162709414958954
1103,0.4162377417087555
1104,0.416204571723938
1105,0.4161713421344757
1106,0.4161381423473358
1107,0.41610491275787354
1108,0.41607168316841125
1109,0.41603851318359375
1110,0.41600528359413147
1111,0.41597211360931396
1112,0.41593894362449646
1113,0.4159057140350342
1114,0.4158725440502167
1115,0.4158393442630768
1116,0.4158061742782593
1117,0.4157730042934418
1118,0.4157398045063019
1119,0.4157066345214844
1120,0.41567346453666687
1121,0.415640264749527
1122,0.41560712456703186
1123,0.41557392477989197
1124,0.41554078459739685
1125,0.41550758481025696
1126,0.41547441482543945
1127,0.41544127464294434
1128,0.41540810465812683
1129,0.41537490487098694
1130,0.4153417646884918
1131,0.4153085947036743
1132,0.4152754545211792
1133,0.4152422845363617
1134,0.4152091443538666
1135,0.4151759445667267
1136,0.4151427745819092
1137,0.4151096045970917
1138,0.41507646441459656
1139,0.41504326462745667
1140,0.4150100648403168
1141,0.4149768650531769
1142,0.4149436950683594
1143,0.4149104654788971
1144,0.4148772954940796
1145,0.4148440659046173
1146,0.41481080651283264
1147,0.41477760672569275
1148,0.4147443473339081
1149,0.4147110879421234
1150,0.41467776894569397
1151,0.4146444797515869
1152,0.41461119055747986
1153,0.41457781195640564
1154,0.4145444631576538
1155,0.4145110845565796
1156,0.414477676153183
1157,0.4144442081451416
1158,0.4144107401371002
1159,0.41437724232673645
1160,0.4143437147140503
1161,0.41431012749671936
1162,0.41427648067474365
1163,0.41424283385276794
1164,0.41420912742614746
1165,0.4141753017902374
1166,0.4141415059566498
1167,0.4141075909137726
1168,0.4140736162662506
1169,0.41403961181640625
1170,0.41400548815727234
1171,0.41397127509117126
1172,0.413936972618103
1173,0.41390261054039
1174,0.41386809945106506
1175,0.41383352875709534
1176,0.41379880905151367
1177,0.41376397013664246
1178,0.4137289822101593
1179,0.4136938750743866
1180,0.41365858912467957
1181,0.41357317566871643
1182,0.4134875237941742
1183,0.4134017527103424
1184,0.4133157730102539
1185,0.4132295548915863
1186,0.4131431579589844
1187,0.41305646300315857
1188,0.41296958923339844
1189,0.41288241744041443
1190,0.41279491782188416
1191,0.4127071797847748
1192,0.41261911392211914
1193,0.41253069043159485
1194,0.4124419391155243
1195,0.4123527705669403
1196,0.41226324439048767
1197,0.4121732711791992
1198,0.41208288073539734
1199,0.41199198365211487
1200,0.4119006097316742
1201,0.41180869936943054
1202,0.4117162227630615
1203,0.41162315011024475
1204,0.41152945160865784
1205,0.41143515706062317
1206,0.4113401472568512
1207,0.4112444221973419
1208,0.41114795207977295
1209,0.4110506772994995
1210,0.41095253825187683
1211,0.41085347533226013
1212,0.4107535779476166
1213,0.41065263748168945
1214,0.41055068373680115
1215,0.4104475975036621
1216,0.4103434979915619
1217,0.410238116979599
1218,0.4101315438747406
1219,0.41002359986305237
1220,0.4099143445491791
1221,0.4098036289215088
1222,0.4096914231777191
1223,0.40957769751548767
1224,0.4094623029232025
1225,0.4093451499938965
1226,0.4092262089252472
1227,0.40910544991493225
1228,0.40898266434669495
1229,0.40885791182518005
1230,0.40873098373413086
1231,0.408601850271225
1232,0.40847039222717285
1233,0.4083365201950073
1234,0.40820011496543884
1235,0.40806111693382263
1236,0.40791937708854675
1237,0.40777477622032166
1238,0.40762725472450256
1239,0.40747666358947754
1240,0.40732288360595703
1241,0.4071657657623291
1242,0.4070051908493042
1243,0.40684106945991516
1244,0.40667322278022766
1245,0.40650156140327454
1246,0.40632593631744385
1247,0.4061461389064789
1248,0.4059620797634125
1249,0.4057735502719879
1250,0.4055804908275604
1251,0.4053826630115509
1252,0.405179888010025
1253,0.4049721658229828
1254,0.40475907921791077
1255,0.40454068779945374
1256,0.40431666374206543
1257,0.4040868580341339
1258,0.40385112166404724
1259,0.4036092758178711
1260,0.40336111187934875
1261,0.4031064808368683
1262,0.4028451442718506
1263,0.40257692337036133
1264,0.4023016393184662
1265,0.40201902389526367
1266,0.40172895789146423
1267,0.40143120288848877
1268,0.40112558007240295
1269,0.4008118212223053
1270,0.40048980712890625
1271,0.40015923976898193
1272,0.3998199701309204
1273,0.3994717597961426
1274,0.3991144597530365
1275,0.3987477123737335
1276,0.39837145805358887
1277,0.39798545837402344
1278,0.39758941531181335
1279,0.3971831798553467
1280,0.3967665731906891
1281,0.3963393270969391
1282,0.39590123295783997
1283,0.3954521715641022
1284,0.39499184489250183
1285,0.3945200741291046
1286,0.39403674006462097
1287,0.393541544675827
1288,0.39303433895111084
1289,0.3925149440765381
1290,0.39198318123817444
1291,0.39143887162208557
1292,0.39088186621665955
1293,0.39031195640563965
1294,0.38972899317741394
1295,0.3891328275203705
1296,0.3885233402252197
1297,0.38790032267570496
1298,0.3872637450695038
1299,0.3866133689880371
1300,0.3859492242336273
1301,0.3852710425853729
1302,0.38457879424095154
1303,0.3838724195957184
1304,0.3831518590450287
1305,0.38241705298423767
1306,0.38166776299476624
1307,0.3809041976928711
1308,0.3801262080669403
1309,0.3793337345123291
1310,0.37852683663368225
1311,0.37770548462867737
1312,0.3768697679042816
1313,0.37601959705352783
1314,0.37515512108802795
1315,0.37427636981010437
1316,0.37338337302207947
1317,0.3724762499332428
1318,0.3715552091598511
1319,0.3706202208995819
1320,0.369671493768692
1321,0.3687092065811157
1322,0.3677334785461426
1323,0.3667445182800293
1324,0.365742564201355
1325,0.36472776532173157
1326,0.36370038986206055
1327,0.3626607656478882
1328,0.3616090714931488
1329,0.36054563522338867
1330,0.3594707250595093
1331,0.35838475823402405
1332,0.3572880029678345
1333,0.356180876493454
1334,0.35506367683410645
1335,0.3539368212223053
1336,0.3528008460998535
1337,0.351656049489975
1338,0.3505028784275055
1339,0.34934186935424805
1340,0.34817349910736084
1341,0.3469982147216797
1342,0.34581658244132996
1343,0.34462907910346985
1344,0.3434363305568695
1345,0.34223881363868713
1346,0.34103715419769287
1347,0.3398319184780121
1348,0.3386237621307373
1349,0.3374132215976715
1350,0.3362009823322296
1351,0.33498772978782654
1352,0.33377400040626526
1353,0.33256059885025024
1354,0.33134809136390686
1355,0.3301372230052948
1356,0.328928679227829
1357,0.3277231752872467
1358,0.3265213668346405
1359,0.32532405853271484
1360,0.32413193583488464
1361,0.3229457139968872
1362,0.3217661678791046
1363,0.32059404253959656
1364,0.31943002343177795
1365,0.31827491521835327
1366,0.3171294331550598
1367,0.31599435210227966
1368,0.3148704171180725
1369,0.31375834345817566
1370,0.3126589357852936
1371,0.3115728795528412
1372,0.31050094962120056
1373,0.309443861246109
1374,0.30840232968330383
1375,0.3073771297931671
1376,0.3063689172267914
1377,0.30537837743759155
1378,0.3044063150882721
1379,0.3034532964229584
1380,0.3025200664997101
1381,0.30160728096961975
1382,0.3007155954837799
1383,0.2998456060886383
1384,0.2989979684352875
1385,0.2981732487678528
1386,0.29737207293510437
1387,0.2965949773788452
1388,0.29584261775016785
1389,0.2951153814792633
1390,0.29441389441490173
1391,0.29373860359191895
1392,0.29309001564979553
1393,0.2924685776233673
1394,0.2918747067451477
1395,0.29130882024765015
1396,0.29077133536338806
1397,0.2902625799179077
1398,0.28978288173675537
1399,0.2893325984477997
1400,0.2889120280742645
1401,0.2885213792324066
1402,0.28816094994544983
1403,0.2878309190273285
1404,0.2875315546989441
1405,0.287262886762619
1406,0.28702518343925476
1407,0.2868184745311737
1408,0.2866428792476654
1409,0.28649842739105225
1410,0.286385178565979
1411,0.2863031327724457
1412,0.2862522304058075
1413,0.28623247146606445
1414,0.2862437665462494
1415,0.28628602623939514
1416,0.28635910153388977
1417,0.28646281361579895
1418,0.28659704327583313
1419,0.2867615520954132
1420,0.2869561016559601
1421,0.28718048334121704
1422,0.2874343991279602
1423,0.2877174913883209
1424,0.2880295515060425
1425,0.28837013244628906
1426,0.2887389361858368
1427,0.28913551568984985
1428,0.2895594835281372
1429,0.2900104224681854
1430,0.2904878556728363
1431,0.29099133610725403
1432,0.2915203869342804
1433,0.2920744717121124
1434,0.29265305399894714
1435,0.29325568675994873
1436,0.29388174414634705
1437,0.29453063011169434
1438,0.2952018082141876
1439,0.29589471220970154
1440,0.29660871624946594
1441,0.2973431646823883
1442,0.2980974018573761
1443,0.2988709509372711
1444,0.2996629774570465
1445,0.3004729449748993
1446,0.30130013823509216
1447,0.3021439015865326
1448,0.3030035197734833
1449,0.30387842655181885
1450,0.30476781725883484
1451,0.3056710958480835
1452,0.30658748745918274
1453,0.3075163960456848
1454,0.30845707654953003
1455,0.30940884351730347
1456,0.3103710114955902
1457,0.31134286522865295
1458,0.31232377886772156
1459,0.31331300735473633
1460,0.3143099546432495
1461,0.31531384587287903
1462,0.31632405519485474
1463,0.3173399567604065
1464,0.318360835313797
1465,0.3193860352039337
1466,0.3204149603843689
1467,0.3214469850063324
1468,0.3224813938140869
1469,0.32351768016815186
1470,0.3245551586151123
1471,0.3255932629108429
1472,0.3266313374042511
1473,0.3276689350605011
1474,0.32870540022850037
1475,0.3297401964664459
1476,0.3307727873325348
1477,0.331802636384964
1478,0.3328292667865753
1479,0.3338521420955658
1480,0.33487072587013245
1481,0.33588460087776184
1482,0.3368932902812958
1483,0.33789634704589844
1484,0.338893324136734
1485,0.33988380432128906
1486,0.34086742997169495
1487,0.34184375405311584
1488,0.3428123891353607
1489,0.3437729775905609
1490,0.34472522139549255
1491,0.345668762922287
1492,0.34660324454307556
1493,0.347528338432312
1494,0.348443865776062
1495,0.3493494689464569
1496,0.3502449095249176
1497,0.3511299192905426
1498,0.3520042896270752
1499,0.3528677523136139
1500,0.35372021794319153
1501,0.35456135869026184
1502,0.3553910553455353
1503,0.3562091886997223
1504,0.3570155203342438
1505,0.3578099310398102
1506,0.35859236121177673
1507,0.3593626022338867
1508,0.360120564699173
1509,0.3608662188053131
1510,0.36159947514533997
1511,0.36232027411460876
1512,0.36302852630615234
1513,0.36372414231300354
1514,0.36440715193748474
1515,0.36507752537727356
1516,0.3657352924346924
1517,0.36638033390045166
1518,0.36701273918151855
1519,0.36763250827789307
1520,0.36823973059654236
1521,0.3688342571258545
1522,0.36941632628440857
1523,0.36998581886291504
1524,0.3705429136753082
1525,0.3710876405239105
1526,0.3716200292110443
1527,0.37214019894599915
1528,0.3726482093334198
1529,0.3731441795825958
1530,0.373628169298172
1531,0.37410032749176025
1532,0.374560683965683
1533,0.3750094175338745
1534,0.3754466474056244
1535,0.3758723735809326
1536,0.37628689408302307
1537,0.37669023871421814
1538,0.377082496881485
1539,0.3774639070034027
1540,0.3778345584869385
1541,0.37819457054138184
1542,0.3785441815853119
1543,0.37888336181640625
1544,0.3792123794555664
1545,0.3795313835144043
1546,0.37984052300453186
1547,0.38013991713523865
1548,0.380429744720459
1549,0.3807101249694824
1550,0.3809812068939209
1551,0.3812432289123535
1552,0.38149628043174744
1553,0.3817404806613922
1554,0.38197609782218933
1555,0.38220322132110596
1556,0.38242197036743164
1557,0.38263261318206787
1558,0.38283514976501465
1559,0.38302990794181824
1560,0.38321688771247864
1561,0.38339629769325256
1562,0.3835683763027191
1563,0.3837331235408783
1564,0.3838907778263092
1565,0.3840414583683014
1566,0.3841853141784668
1567,0.38432255387306213
1568,0.3844532072544098
1569,0.38457751274108887
1570,0.38469552993774414
1571,0.3848074674606323
1572,0.38491344451904297
1573,0.38501349091529846
1574,0.3851079046726227
1575,0.385196715593338
1576,0.385280042886734
1577,0.385358065366745
1578,0.3854309022426605
1579,0.38549861311912537
1580,0.3855613172054291
1581,0.3856191635131836
1582,0.38567230105400085
1583,0.38572075963020325
1584,0.3857647478580475
1585,0.38580426573753357
1586,0.38583946228027344
1587,0.38587045669555664
1588,0.3858972489833832
1589,0.38592004776000977
1590,0.3859389126300812
1591,0.3859539330005646
1592,0.3859651982784271
1593,0.3859727382659912
1594,0.3859767019748688
1595,0.3859771192073822
1596,0.38597413897514343
1597,0.3859677314758301
1598,0.3859580457210541
1599,0.3859451115131378
1600,0.38592901825904846
1601,0.38590988516807556
1602,0.38588762283325195
1603,0.38586243987083435
1604,0.38583430647850037
1605,0.3858032524585724
1606,0.38576945662498474
1607,0.3857327997684479
1608,0.3856935203075409
1609,0.38565149903297424
1610,0.3856068551540375
1611,0.3855595886707306
1612,0.38550981879234314
1613,0.38545748591423035
1614,0.385402649641037
1615,0.38534533977508545
1616,0.3852856457233429
1617,0.38522353768348694
1618,0.3851590156555176
1619,0.385092169046402
1620,0.38502296805381775
1621,0.3849514424800873
1622,0.38487759232521057
1623,0.3848015069961548
1624,0.38472315669059753
1625,0.38464248180389404
1626,0.3845595419406891
1627,0.38447442650794983
1628,0.3843870162963867
1629,0.3842974007129669
1630,0.38420549035072327
1631,0.3841114044189453
1632,0.3840149939060211
1633,0.3839164078235626
1634,0.38381555676460266
1635,0.38371244072914124
1636,0.38360705971717834
1637,0.3834993839263916
1638,0.3833894729614258
1639,0.38327717781066895
1640,0.38316261768341064
1641,0.3830457031726837
1642,0.38292646408081055
1643,0.38280484080314636
1644,0.3826807737350464
1645,0.3825543224811554
1646,0.382425457239151
1647,0.38229408860206604
1648,0.3821602165699005
1649,0.3820238411426544
1650,0.38188493251800537
1651,0.3817434310913086
1652,0.3815992772579193
1653,0.3814525306224823
1654,0.381303071975708
1655,0.38115087151527405
1656,0.38099589943885803
1657,0.38083818554878235
1658,0.38067761063575745
1659,0.38051414489746094
1660,0.38034775853157043
1661,0.3801783621311188
1662,0.3800060451030731
1663,0.37983059883117676
1664,0.37965211272239685
1665,0.37947043776512146
1666,0.3792855441570282
1667,0.3790973722934723
1668,0.3789059817790985
1669,0.37871113419532776
1670,0.378512978553772
1671,0.37831127643585205
1672,0.37810611724853516
1673,0.37789735198020935
1674,0.37768492102622986
1675,0.3774688243865967
1676,0.37724900245666504
1677,0.3770252764225006
1678,0.37679779529571533
1679,0.3765663206577301
1680,0.3763308525085449
1681,0.376091331243515
1682,0.3758476674556732
1683,0.37559977173805237
1684,0.37534764409065247
1685,0.37509122490882874
1686,0.3748303949832916
1687,0.37456512451171875
1688,0.37429532408714294
1689,0.37402090430259705
1690,0.3737417757511139
1691,0.37345799803733826
1692,0.3731693923473358
1693,0.372875839471817
1694,0.37257739901542664
1695,0.37227392196655273
1696,0.37196531891822815
1697,0.37165161967277527
1698,0.3713326156139374
1699,0.3710083067417145
1700,0.370678573846817
1701,0.3703434467315674
1702,0.37000274658203125
1703,0.3696564733982086
1704,0.36930450797080994
1705,0.36894670128822327
1706,0.36858317255973816
1707,0.3682136833667755
1708,0.3678382337093353
1709,0.36745667457580566
1710,0.3670690357685089
1711,0.36667516827583313
1712,0.36627504229545593
1713,0.36586856842041016
1714,0.36545565724372864
1715,0.3650362491607666
1716,0.36461031436920166
1717,0.3641777038574219
1718,0.36373838782310486
1719,0.36329230666160583
1720,0.36283934116363525
1721,0.3623794615268707
1722,0.36191263794898987
1723,0.3614387512207031
1724,0.3609577417373657
1725,0.3604695796966553
1726,0.3599741458892822
1727,0.3594714105129242
1728,0.3589613139629364
1729,0.3584437370300293
1730,0.35791873931884766
1731,0.35738614201545715
1732,0.3568459749221802
1733,0.3562981188297272
1734,0.35574260354042053
1735,0.3551792800426483
1736,0.3546081483364105
1737,0.3540291488170624
1738,0.3534422814846039
1739,0.3528474271297455
1740,0.3522445261478424
1741,0.3516336679458618
1742,0.3510147035121918
1743,0.35038766264915466
1744,0.34975242614746094
1745,0.349109023809433
1746,0.3484574258327484
1747,0.34779760241508484
1748,0.3471294939517975
1749,0.34645310044288635
1750,0.34576845169067383
1751,0.34507545828819275
1752,0.3443741500377655
1753,0.3436644375324249
1754,0.34294643998146057
1755,0.3422200679779053
1756,0.3414853513240814
1757,0.34074223041534424
1758,0.3399908244609833
1759,0.339231014251709
1760,0.33846285939216614
1761,0.3376864194869995
1762,0.3369016647338867
1763,0.33610865473747253
1764,0.3353073298931122
1765,0.3344978094100952
1766,0.33368006348609924
1767,0.33285418152809143
1768,0.3320201635360718
1769,0.33117803931236267
1770,0.3303278684616089
1771,0.3294697105884552
1772,0.3286036550998688
1773,0.3277297019958496
1774,0.32684794068336487
1775,0.32595840096473694
1776,0.32506120204925537
1777,0.32415640354156494
1778,0.3232440650463104
1779,0.32232430577278137
1780,0.32139715552330017
1781,0.32046273350715637
1782,0.3195211887359619
1783,0.3185725510120392
1784,0.31761693954467773
1785,0.3166544735431671
1786,0.3156852722167969
1787,0.3147093951702118
1788,0.3137270510196686
1789,0.3127383291721344
1790,0.3117433190345764
1791,0.31074219942092896
1792,0.30973514914512634
1793,0.30872222781181335
1794,0.30770358443260193
1795,0.3066794276237488
1796,0.30564987659454346
1797,0.3046151399612427
1798,0.303575336933136
1799,0.3025306463241577
1800,0.3014812171459198
1801,0.30042728781700134
1802,0.2993689775466919
1803,0.29830649495124817
1804,0.2972400486469269
1805,0.29616981744766235
1806,0.2950960099697113
1807,0.29401877522468567
1808,0.2929384410381317
1809,0.2918550968170166
1810,0.29076898097991943
1811,0.2896803617477417
1812,0.28858938813209534
1813,0.2874963581562042
1814,0.2864014804363251
1815,0.2853049337863922
1816,0.2842070162296295
1817,0.2831079661846161
1818,0.28200796246528625
1819,0.2809073030948639
1820,0.2798062562942505
1821,0.27870503067970276
1822,0.2776038646697998
1823,0.2765030860900879
1824,0.27540287375450134
1825,0.27430352568626404
1826,0.27320531010627747
1827,0.2721085250377655
1828,0.27101337909698486
1829,0.2699202001094818
1830,0.26882919669151306
1831,0.2677406966686249
1832,0.26665496826171875
1833,0.26557227969169617
1834,0.2644928991794586
1835,0.26341715455055237
1836,0.2623452842235565
1837,0.26127758622169495
1838,0.26021435856819153
1839,0.25915589928627014
1840,0.2581024467945099
1841,0.25705429911613464
1842,0.2560117542743683
1843,0.2549751102924347
1844,0.25394466519355774
1845,0.2529207170009613
1846,0.2519034743309021
1847,0.2508932948112488
1848,0.24989044666290283
1849,0.24889524281024933
1850,0.24790792167186737
1851,0.24692881107330322
1852,0.24595816433429718
1853,0.2449963092803955
1854,0.24404345452785492
1855,0.24309992790222168
1856,0.24216599762439728
1857,0.2412419468164444
1858,0.24032802879810333
1859,0.23942457139492035
1860,0.23853178322315216
1861,0.23764996230602264
1862,0.2367793321609497
1863,0.23592020571231842
1864,0.23507283627986908
1865,0.2342374324798584
1866,0.23341429233551025
1867,0.23260366916656494
1868,0.23180580139160156
1869,0.23102091252803802
1870,0.23024924099445343
1871,0.22949104011058807
1872,0.22874653339385986
1873,0.2280159443616867
1874,0.2272994965314865
1875,0.2265973836183548
1876,0.22590990364551544
1877,0.2252371460199356
1878,0.22457937896251678
1879,0.22393684089183807
1880,0.22330962121486664
1881,0.22269797325134277
1882,0.222102090716362
1883,0.22152210772037506
1884,0.22095823287963867
1885,0.22041063010692596
1886,0.2198794037103653
1887,0.21936476230621338
1888,0.21886688470840454
1889,0.21838583052158356
1890,0.21792177855968475
1891,0.21747487783432007
1892,0.21704520285129547
1893,0.2166329175233841
1894,0.2162380963563919
1895,0.21586088836193085
1896,0.2155013531446457
1897,0.2151595503091812
1898,0.21483564376831055
1899,0.21452967822551727
1900,0.21424169838428497
1901,0.2139717936515808
1902,0.21372000873088837
1903,0.2134864330291748
1904,0.21327103674411774
1905,0.21307392418384552
1906,0.21289509534835815
1907,0.21273456513881683
1908,0.21259236335754395
1909,0.2124684602022171
1910,0.21236294507980347
1911,0.21227572858333588
1912,0.21220682561397552
1913,0.21215622127056122
1914,0.21212388575077057
1915,0.2121097892522812
1916,0.2121138572692871
1917,0.21213610470294952
1918,0.21217642724514008
1919,0.21223478019237518
1920,0.21231108903884888
1921,0.21240530908107758
1922,0.21251730620861053
1923,0.21264702081680298
1924,0.21279434859752655
1925,0.21295922994613647
1926,0.21314150094985962
1927,0.21334107220172882
1928,0.21355783939361572
1929,0.2137916535139084
1930,0.21404235064983368
1931,0.21430985629558563
1932,0.21459399163722992
1933,0.2148946076631546
1934,0.21521155536174774
1935,0.215544655919075
1936,0.21589376032352448
1937,0.2162586897611618
1938,0.21663923561573029
1939,0.21703527867794037
1940,0.21744656562805176
1941,0.21787293255329132
1942,0.21831417083740234
1943,0.2187701016664505
1944,0.2192404866218567
1945,0.2197251319885254
1946,0.2202237844467163
1947,0.22073626518249512
1948,0.22126233577728271
1949,0.22180171310901642
1950,0.2223542481660843
1951,0.22291965782642365
1952,0.22349770367145538
1953,0.2240881472826004
1954,0.2246907502412796
1955,0.2253052443265915
1956,0.22593136131763458
1957,0.22656889259815216
1958,0.22721751034259796
1959,0.22787700593471527
1960,0.2285470962524414
1961,0.22922749817371368
1962,0.2299179583787918
1963,0.2306181937456131
1964,0.23132796585559845
1965,0.2320469617843628
1966,0.23277489840984344
1967,0.2335115224123001
1968,0.2342565506696701
1969,0.23500967025756836
1970,0.23577065765857697
1971,0.23653917014598846
1972,0.23731495440006256
1973,0.23809772729873657
1974,0.23888719081878662
1975,0.23968307673931122
1976,0.2404850721359253
1977,0.24129289388656616
1978,0.24210630357265472
1979,0.24292497336864471
1980,0.24374859035015106
1981,0.24457693099975586
1982,0.24540966749191284
1983,0.24624653160572052
1984,0.2470872849225998
1985,0.2479315549135208
1986,0.24877913296222687
1987,0.2496296912431717
1988,0.2504830062389374
1989,0.25133875012397766
1990,0.25219666957855225
1991,0.25305649638175964
1992,0.2539179027080536
1993,0.25478067994117737
1994,0.2556445598602295
1995,0.25650927424430847
1996,0.25737452507019043
1997,0.2582400441169739
1998,0.2591055929660797
1999,0.25997093319892883
2000,0.26083579659461975
2001,0.2616998851299286
2002,0.262563019990921
2003,0.26342490315437317
2004,0.26428529620170593
2005,0.2651439607143402
2006,0.2660006284713745
2007,0.2668551206588745
2008,0.26770713925361633
2009,0.26855653524398804
2010,0.26940298080444336
2011,0.270246297121048
2012,0.27108630537986755
2013,0.27192267775535583
2014,0.27275529503822327
2015,0.27358388900756836
2016,0.2744082808494568
2017,0.27522823214530945
2018,0.276043564081192
2019,0.2768540680408478
2020,0.27765950560569763
2021,0.278459757566452
2022,0.27925458550453186
2023,0.2800437808036804
2024,0.28082722425460815
2025,0.2816046476364136
2026,0.28237593173980713
2027,0.2831408977508545
2028,0.28389933705329895
2029,0.28465116024017334
2030,0.28539609909057617
2031,0.2861340343952179
2032,0.2868647873401642
2033,0.2875882387161255
2034,0.28830423951148987
2035,0.2890125811100006
2036,0.28971317410469055
2037,0.29040583968162537
2038,0.2910903990268707
2039,0.29176685214042664
2040,0.2924349009990692
2041,0.2930945158004761
2042,0.2937455177307129
2043,0.2943878173828125
2044,0.29502126574516296
2045,0.29564571380615234
2046,0.29626110196113586
2047,0.2968672811985016
2048,0.29746416211128235
2049,0.2980516254901886
2050,0.2986295223236084
2051,0.29919782280921936
2052,0.29975637793540955
2053,0.3003050982952118
2054,0.30084386467933655
2055,0.3013726472854614
2056,0.3018912971019745
2057,0.30239975452423096
2058,0.3028979003429413
2059,0.3033857047557831
2060,0.3038630187511444
2061,0.30432984232902527
2062,0.3047860562801361
2063,0.30523160099983215
2064,0.30566635727882385
2065,0.306090384721756
2066,0.3065034747123718
2067,0.3069056272506714
2068,0.3072967827320099
2069,0.30767691135406494
2070,0.308045893907547
2071,0.30840376019477844
2072,0.30875036120414734
2073,0.30908575654029846
2074,0.30940985679626465
2075,0.30972257256507874
2076,0.3100239336490631
2077,0.3103138506412506
2078,0.310592383146286
2079,0.31085944175720215
2080,0.31111496686935425
2081,0.3113589882850647
2082,0.3115914762020111
2083,0.3118123710155487
2084,0.31202173233032227
2085,0.312219500541687
2086,0.31240567564964294
2087,0.31258025765419006
2088,0.312743216753006
2089,0.3128946125507355
2090,0.31303444504737854
2091,0.3131626844406128
2092,0.3132793605327606
2093,0.3133845031261444
2094,0.31347811222076416
2095,0.31356024742126465
2096,0.3136309087276459
2097,0.3136901557445526
2098,0.3137379586696625
2099,0.3137744665145874
2100,0.313799649477005
2101,0.31381356716156006
2102,0.3138163387775421
2103,0.3138079345226288
2104,0.31378844380378723
2105,0.313757985830307
2106,0.3137166202068329
2107,0.31366434693336487
2108,0.3136013448238373
2109,0.3135276734828949
2110,0.3134434223175049
2111,0.3133486807346344
2112,0.3132435977458954
2113,0.31312820315361023
2114,0.31300270557403564
2115,0.3128671944141388
2116,0.31272172927856445
2117,0.3125665485858917
2118,0.31240174174308777
2119,0.3122274577617645
2120,0.31204378604888916
2121,0.31185099482536316
2122,0.3116491138935089
2123,0.3114384710788727
2124,0.31121909618377686
2125,0.3109912574291229
2126,0.31075504422187805
2127,0.3105107545852661
2128,0.31025853753089905
2129,0.3099985420703888
2130,0.30973106622695923
2131,0.3094562590122223
2132,0.3091743588447571
2133,0.3088855743408203
2134,0.3085901439189911
2135,0.3082883059978485
2136,0.3079802989959717
2137,0.3076663315296173
2138,0.3073467016220093
2139,0.3070216476917267
2140,0.30669140815734863
2141,0.3063562512397766
2142,0.3060164451599121
2143,0.305672287940979
2144,0.305323988199234
2145,0.30497193336486816
2146,0.3046163022518158
2147,0.3042573928833008
2148,0.3038955628871918
2149,0.3035310208797455
2150,0.30316412448883057
2151,0.3027951419353485
2152,0.3024244010448456
2153,0.30205217003822327
2154,0.30167874693870544
2155,0.3013044595718384
2156,0.30092963576316833
2157,0.3005545437335968
2158,0.30017951130867004
2159,0.29980483651161194
2160,0.29943084716796875
2161,0.29905784130096436
2162,0.29868611693382263
2163,0.29831600189208984
2164,0.29794779419898987
2165,0.29758182168006897
2166,0.2972184121608734
2167,0.2968577444553375
2168,0.29650023579597473
2169,0.2961461842060089
2170,0.2957957983016968
2171,0.29544946551322937
2172,0.2951074540615082
2173,0.2947700023651123
2174,0.294437438249588
2175,0.2941100001335144
2176,0.29378798604011536
2177,0.29347166419029236
2178,0.2931613028049469
2179,0.2928571403026581
2180,0.2925594747066498
2181,0.29226842522621155
2182,0.29198434948921204
2183,0.29170748591423035
2184,0.2914380133152008
2185,0.29117611050605774
2186,0.290922075510025
2187,0.2906760275363922
2188,0.2904382050037384
2189,0.2902088165283203
2190,0.2899880111217499
2191,0.28977593779563904
2192,0.2895728051662445
2193,0.28937873244285583
2194,0.2891938388347626
2195,0.2890183627605438
2196,0.2888523042201996
2197,0.2886958122253418
2198,0.2885490655899048
2199,0.28841206431388855
2200,0.28828495740890503
2201,0.288167804479599
2202,0.28806066513061523
2203,0.2879635989665985
2204,0.2878766655921936
2205,0.2877999246120453
2206,0.2877333164215088
2207,0.28767693042755127
2208,0.28763076663017273
2209,0.2875947952270508
2210,0.2875690460205078
2211,0.28755342960357666
2212,0.2875480055809021
2213,0.2875526547431946
2214,0.2875673770904541
2215,0.2875920832157135
2216,0.287626713514328
2217,0.28767117857933044
2218,0.28772544860839844
2219,0.28778934478759766
2220,0.2878628373146057
2221,0.2879457473754883
2222,0.2880379855632782
2223,0.2881394624710083
2224,0.2882499694824219
2225,0.28836941719055176
2226,0.28849759697914124
2227,0.28863444924354553
2228,0.28877970576286316
2229,0.28893324732780457
2230,0.2890949249267578
2231,0.2892644703388214
2232,0.2894417941570282
2233,0.2896265983581543
2234,0.28981876373291016
2235,0.2900180518627167
2236,0.29022425413131714
2237,0.2904371917247772
2238,0.29065659642219543
2239,0.29088231921195984
2240,0.29111406207084656
2241,0.29135164618492126
2242,0.29159480333328247
2243,0.29184332489967346
2244,0.29209697246551514
2245,0.2923555076122284
2246,0.2926187217235565
2247,0.292886346578598
2248,0.2931581735610962
2249,0.29343393445014954
2250,0.29371336102485657
2251,0.29399630427360535
2252,0.2942824363708496
2253,0.29457154870033264
2254,0.29486343264579773
2255,0.2951578199863434
2256,0.2954544723033905
2257,0.29575315117836
2258,0.2960537075996399
2259,0.2963557541370392
2260,0.2966592013835907
2261,0.29696378111839294
2262,0.2972692549228668
2263,0.2975754141807556
2264,0.2978820502758026
2265,0.2981888949871063
2266,0.2984958589076996
2267,0.29880261421203613
2268,0.29910901188850403
2269,0.29941487312316895
2270,0.2997199594974518
2271,0.3000241219997406
2272,0.3003271520137787
2273,0.3006288707256317
2274,0.30092912912368774
2275,0.30122771859169006
2276,0.30152449011802673
2277,0.30181923508644104
2278,0.3021118938922882
2279,0.3024022579193115
2280,0.30269017815589905
2281,0.30297553539276123
2282,0.30325818061828613
2283,0.3035379648208618
2284,0.3038147985935211
2285,0.3040885329246521
2286,0.3043590784072876
2287,0.3046262860298157
2288,0.30489009618759155
2289,0.3051503896713257
2290,0.3054070472717285
2291,0.3056600093841553
2292,0.3059091866016388
2293,0.3061545193195343
2294,0.30639591813087463
2295,0.306633323431015
2296,0.3068666458129883
2297,0.30709579586982727
2298,0.30732083320617676
2299,0.3075416088104248
2300,0.3077581226825714
2301,0.3079702854156494
2302,0.3081780970096588
2303,0.3083815574645996
2304,0.308580607175827
2305,0.3087752163410187
2306,0.3089653551578522
2307,0.3091510236263275
2308,0.3093322217464447
2309,0.30950894951820374
2310,0.3096811771392822
2311,0.3098488748073578
2312,0.3100121319293976
2313,0.3101709187030792
2314,0.3103252053260803
2315,0.31047502160072327
2316,0.31062042713165283
2317,0.310761421918869
2318,0.31089797616004944
2319,0.31103017926216125
2320,0.31115806102752686
2321,0.31128156185150146
2322,0.31140080094337463
2323,0.31151577830314636
2324,0.3116265535354614
2325,0.3117331266403198
2326,0.31183555722236633
2327,0.3119339048862457
2328,0.312028169631958
2329,0.31211844086647034
2330,0.3122047483921051
2331,0.3122871220111847
2332,0.3123656213283539
2333,0.31244030594825745
2334,0.31251123547554016
2335,0.312578409910202
2336,0.3126419484615326
2337,0.31270185112953186
2338,0.3127582371234894
2339,0.31281110644340515
2340,0.31286051869392395
2341,0.31290653347969055
2342,0.31294921040534973
2343,0.31298860907554626
2344,0.3130247890949249
2345,0.3130578398704529
2346,0.3130877614021301
2347,0.31311464309692383
2348,0.31313851475715637
2349,0.3131594657897949
2350,0.31317752599716187
2351,0.31319281458854675
2352,0.3132052719593048
2353,0.31321507692337036
2354,0.313222199678421
2355,0.31322672963142395
2356,0.3132287561893463
2357,0.3132282793521881
2358,0.3132254183292389
2359,0.31322014331817627
2360,0.3132125437259674
2361,0.31320270895957947
2362,0.31319066882133484
2363,0.3131764233112335
2364,0.31316009163856506
2365,0.31314170360565186
2366,0.31312131881713867
2367,0.3130989968776703
2368,0.3130747377872467
2369,0.3130486309528351
2370,0.3130207061767578
2371,0.31299102306365967
2372,0.31295961141586304
2373,0.3129265308380127
2374,0.3128918409347534
2375,0.3128555119037628
2376,0.31281769275665283
2377,0.31277838349342346
2378,0.3127375841140747
2379,0.31269538402557373
2380,0.31265178322792053
2381,0.3126068413257599
2382,0.3125605881214142
2383,0.3125131130218506
2384,0.3124644458293915
2385,0.3124144971370697
2386,0.3123634159564972
2387,0.3123112618923187
2388,0.3122579753398895
2389,0.31220364570617676
2390,0.3121483027935028
2391,0.3120919466018677
2392,0.31203460693359375
2393,0.3119764029979706
2394,0.3119172751903534
2395,0.3118572235107422
2396,0.3117963969707489
2397,0.311734676361084
2398,0.3116722106933594
2399,0.3116089403629303
2400,0.3115449845790863
2401,0.3114802837371826
2402,0.3114148676395416
2403,0.3113487958908081
2404,0.31128206849098206
2405,0.3112146854400635
2406,0.31114673614501953
2407,0.31107819080352783
2408,0.31100907921791077
2409,0.3109394311904907
2410,0.3108692467212677
2411,0.3107985258102417
2412,0.3107273578643799
2413,0.3106556832790375
2414,0.31058356165885925
2415,0.3105109930038452
2416,0.31043800711631775
2417,0.31036457419395447
2418,0.31029075384140015
2419,0.3102165758609772
2420,0.31014204025268555
2421,0.3100671172142029
2422,0.30999186635017395
2423,0.30991628766059875
2424,0.3098403513431549
2425,0.30976417660713196
2426,0.30968767404556274
2427,0.30961093306541443
2428,0.30953383445739746
2429,0.3094564974308014
2430,0.3093789517879486
2431,0.30930113792419434
2432,0.30922308564186096
2433,0.3091448247432709
2434,0.3090663254261017
2435,0.3089876174926758
2436,0.30890873074531555
2437,0.308829665184021
2438,0.3087503910064697
2439,0.30867090821266174
2440,0.3085913062095642
2441,0.30851155519485474
2442,0.30843159556388855
2443,0.3083515465259552
2444,0.3082713186740875
2445,0.3081909418106079
2446,0.30811044573783875
2447,0.30802980065345764
2448,0.3079490661621094
2449,0.30786821246147156
2450,0.3077872097492218
2451,0.30770614743232727
2452,0.3076249659061432
2453,0.30754366517066956
2454,0.30746230483055115
2455,0.3073808252811432
2456,0.30729928612709045
2457,0.30721762776374817
2458,0.3071359097957611
2459,0.3070541322231293
2460,0.3069722652435303
2461,0.3068903386592865
2462,0.30680832266807556
2463,0.30672624707221985
2464,0.30664411187171936
2465,0.30656197667121887
2466,0.30647972226142883
2467,0.3063974380493164
2468,0.3063150942325592
2469,0.3062327206134796
2470,0.30615028738975525
2471,0.3060677945613861
2472,0.3059852719306946
2473,0.30590271949768066
2474,0.30582013726234436
2475,0.3057374954223633
2476,0.3056547939777374
2477,0.30557212233543396
2478,0.3054893910884857
2479,0.3054066002368927
2480,0.3053238093852997
2481,0.3052409887313843
2482,0.3051581382751465
2483,0.3050752878189087
2484,0.3049923777580261
2485,0.30490946769714355
2486,0.3048264980316162
2487,0.30474355816841125
2488,0.3046605885028839
2489,0.3045775890350342
2490,0.30449458956718445
2491,0.30441153049468994
2492,0.30432847142219543
2493,0.3042454421520233
2494,0.3041623532772064
2495,0.3040792644023895
2496,0.30399617552757263
2497,0.30391302704811096
2498,0.3038299083709717
2499,0.3037467896938324
2500,0.30366361141204834
